Numéro;Catégorie;État;État du problème;Affectation;Responsable;Brève description;Code Priorité;Initial Impact;Gravité;Type de problème;Clôturé par;Date/Heure d'ouverture;Date/Heure de clôture
IM128785;request fulfilment;closed;Closed;Benguerir - Maintenance technique OCP;;Demande de formatage de plusieurs pc;2 - Élevée;4 - Utilisateur;3 - Moyenne;request fulfilment;elhajjam@p2o5;05/05/2015 09:07;06/05/2015 08:03
IM128801;request fulfilment;closed;Closed;Benguerir - OCP;;demande SD421763 toujours en instance;2 - Élevée;4 - Utilisateur;3 - Moyenne;request fulfilment;elhajjam@p2o5;05/05/2015 09:33;12/05/2015 14:02
IM128809;request fulfilment;closed;Closed;Benguerir - OCP;;Augmentation du nombre des destinataires de la messagerie;2 - Élevée;4 - Utilisateur;3 - Moyenne;request fulfilment;elhajjam@p2o5;05/05/2015 09:42;05/05/2015 14:19
IM128858;incident;closed;Closed;Benguerir - Maintenance technique OCP;;IMPRIMANTE;2 - Élevée;4 - Utilisateur;3 - Moyenne;incident;elhajjam@p2o5;05/05/2015 13:44;08/05/2015 15:42
IM128877;request fulfilment;closed;Closed;Benguerir - OCP;;Nombre de destinataire de la messagerie;2 - Élevée;4 - Utilisateur;3 - Moyenne;request fulfilment;elhajjam@p2o5;05/05/2015 14:32;05/05/2015 15:59
IM128927;request fulfilment;closed;Closed;Benguerir - OCP;;création de deux compte NT pour les IPSE Youssoufia;2 - Élevée;4 - Utilisateur;3 - Moyenne;request fulfilment;elhajjam@p2o5;05/05/2015 19:37;06/05/2015 14:10
IM128963;incident;closed;Closed;Casa Maintenance Applicative OPM;;Pont bascule point T Benguerir;1 - Critique;2 - Site/Département;1 - Critique;incident;elhajjam@p2o5;06/05/2015 08:34;07/05/2015 10:15
IM128964;incident;closed;Closed;Benguerir - Maintenance technique OCP;;Démarrage PC;2 - Élevée;4 - Utilisateur;3 - Moyenne;incident;elhajjam@p2o5;06/05/2015 08:35;07/05/2015 13:46
IM129018;request fulfilment;closed;Closed;Benguerir - OCP;;Création  de session et messagerie;2 - Élevée;4 - Utilisateur;3 - Moyenne;request fulfilment;elhajjam@p2o5;06/05/2015 10:19;06/05/2015 14:05
IM129021;incident;closed;Closed;Youssoufia - Maintenance technique OCP;jabli@p2o5;probleme au niveau du bloc d'alimentation;2 - Élevée;4 - Utilisateur;3 - Moyenne;incident;jabli@p2o5;06/05/2015 10:28;28/05/2015 14:07
IM129027;request fulfilment;closed;Closed;Youssoufia -OCP;elhajjam@p2o5;"Mot de passe ORACLE ""GMAO""";2 - Élevée;4 - Utilisateur;3 - Moyenne;request fulfilment;elhajjam@p2o5;06/05/2015 10:39;06/05/2015 10:52
IM129042;request fulfilment;closed;Closed;Youssoufia -OCP - Infra. Réseau;;Installation de Outlook sur BlackBerry;2 - Élevée;4 - Utilisateur;2 - Élevée;request fulfilment;elhajjam@p2o5;06/05/2015 10:59;07/05/2015 14:20
IM129101;request fulfilment;closed;Closed;Benguerir - OCP;;Déplacement du compte;2 - Élevée;4 - Utilisateur;3 - Moyenne;request fulfilment;elhajjam@p2o5;06/05/2015 16:09;08/05/2015 17:25
IM129144;incident;closed;Closed;Youssoufia -OCP;serhani@p2o5;echec d impression;2 - Élevée;4 - Utilisateur;3 - Moyenne;incident;serhani@p2o5;07/05/2015 08:45;11/05/2015 15:39
IM129182;incident;closed;Closed;Gantour OPM - fonctionnels;nafea@p2o5;problème de chargement des données sur bilan consolidé;1 - Critique;1 - Entreprise;1 - Critique;incident;nafea@p2o5;07/05/2015 10:08;19/05/2015 08:07
IM129258;incident;closed;Closed;Youssoufia - Maintenance technique OCP;serhani@p2o5;défaut sur scanner;2 - Élevée;3 - Utilisateurs multiples;3 - Moyenne;incident;serhani@p2o5;07/05/2015 14:52;12/05/2015 16:11
IM129309;incident;closed;Closed;Benguerir - OCP;;serveur OPM;1 - Critique;1 - Entreprise;1 - Critique;incident;elhajjam@p2o5;08/05/2015 07:07;13/05/2015 15:22
IM129312;incident;closed;Closed;Youssoufia -OCP;el habhoub@p2o5;téléphone IP bloqué;2 - Élevée;4 - Utilisateur;3 - Moyenne;incident;el habhoub@p2o5;08/05/2015 07:28;20/05/2015 15:40
IM129317;incident;closed;Closed;Youssoufia -OCP - Infra. Réseau;;OPM - pont bascule dechargement bouchane injoignable;1 - Critique;1 - Entreprise;1 - Critique;incident;jabli@p2o5;08/05/2015 07:41;08/05/2015 14:46
IM129323;request fulfilment;closed;Closed;Youssoufia -OCP;;Demande jointure compte au groupe;2 - Élevée;4 - Utilisateur;3 - Moyenne;request fulfilment;jabli@p2o5;08/05/2015 07:54;18/05/2015 07:30
IM129343;request fulfilment;closed;Closed;Benguerir - OCP;;demande d 'augmentation de la taille de P.J outlook;2 - Élevée;4 - Utilisateur;3 - Moyenne;request fulfilment;elhajjam@p2o5;08/05/2015 08:34;08/05/2015 14:22
IM129381;incident;closed;Closed;Casa Production Exploitation Applicative;chaifar@p2o5;Données-ERP: Relance des matricules (fait);2 - Élevée;4 - Utilisateur;3 - Moyenne;request fulfilment;chaifar@p2o5;08/05/2015 10:14;08/05/2015 13:22
IM129382;request fulfilment;closed;Closed;Casa Production Exploitation Applicative;chaifar@p2o5;•DONNES – ERP : FV PAIE 2Q/04/2015 pour chargement GNS;2 - Élevée;4 - Utilisateur;3 - Moyenne;request fulfilment;chaifar@p2o5;08/05/2015 10:14;08/05/2015 13:23
IM129396;incident;closed;Closed;Youssoufia - Maintenance technique OCP;serhani@p2o5;Chargeur portable DELL;2 - Élevée;4 - Utilisateur;3 - Moyenne;incident;serhani@p2o5;08/05/2015 11:06;21/05/2015 16:08
IM129437;incident;closed;Closed;Gantour OPM - fonctionnels;nafea@p2o5;problème sur BC;1 - Critique;1 - Entreprise;1 - Critique;incident;nafea@p2o5;08/05/2015 14:59;19/05/2015 08:07
IM129448;request fulfilment;closed;Closed;Benguerir - OCP;;mot de passe de la session est bloqué;2 - Élevée;4 - Utilisateur;3 - Moyenne;request fulfilment;elhajjam@p2o5;08/05/2015 15:15;08/05/2015 15:35
IM129453;request fulfilment;closed;Closed;Benguerir - OCP;;Mot de passe Oracle;2 - Élevée;4 - Utilisateur;3 - Moyenne;request fulfilment;elhajjam@p2o5;08/05/2015 15:26;08/05/2015 15:30
IM129469;request fulfilment;closed;Closed;Casa Production Exploitation Applicative;chaifar@p2o5;Données-ERP : FV de la 2ème QZ 04/2015;2 - Élevée;4 - Utilisateur;3 - Moyenne;request fulfilment;chaifar@p2o5;08/05/2015 16:10;11/05/2015 08:22
IM129477;request fulfilment;closed;Closed;Youssoufia -OCP;serhani@p2o5;Demande de création d'une boite de messagerie;2 - Élevée;4 - Utilisateur;3 - Moyenne;request fulfilment;o.flissi@p2o5;08/05/2015 17:58;13/05/2015 14:26
IM129488;incident;closed;Closed;Benguerir - OCP;;probleme d'acces a oracle.;2 - Élevée;3 - Utilisateurs multiples;3 - Moyenne;incident;jabli@p2o5;09/05/2015 18:45;10/05/2015 11:28
IM129499;request fulfilment;closed;Closed;Youssoufia -OCP;;Demande de reinitialisation du mot de passe PGP;2 - Élevée;4 - Utilisateur;3 - Moyenne;request fulfilment;elhajjam@p2o5;11/05/2015 07:03;11/05/2015 09:24
IM129527;incident;closed;Closed;Youssoufia -OCP - Infra. Réseau;el habhoub@p2o5;Pont bascule déchargement bouchane;1 - Critique;1 - Entreprise;1 - Critique;incident;el habhoub@p2o5;11/05/2015 07:52;12/05/2015 15:40
IM129539;incident;closed;Closed;Benguerir - Maintenance technique OCP;el habhoub@p2o5;echec connexion au Reseau Local OCP;2 - Élevée;3 - Utilisateurs multiples;3 - Moyenne;incident;elhajjam@p2o5;11/05/2015 08:09;20/05/2015 10:55
IM129555;request fulfilment;closed;Closed;Youssoufia -OCP;elhajjam@p2o5;récupération mot de pass session + mot de pass oracle;2 - Élevée;4 - Utilisateur;3 - Moyenne;request fulfilment;elhajjam@p2o5;11/05/2015 08:41;11/05/2015 08:50
IM129595;incident;closed;Closed;Casa Production Exploitation Applicative;belali@darbaida;Données ERP - Erreur LSF 042015 Mle 98885;2 - Élevée;4 - Utilisateur;3 - Moyenne;request fulfilment;chaifar@p2o5;11/05/2015 09:56;12/05/2015 13:11
IM129611;incident;closed;Closed;Casa Production Exploitation Applicative;chaifar@p2o5;donnée ERP:  LSF MOIS 04/2015;2 - Élevée;4 - Utilisateur;3 - Moyenne;request fulfilment;chaifar@p2o5;11/05/2015 10:18;12/05/2015 13:13
IM129613;incident;closed;Closed;Casa Production Exploitation Applicative;belali@darbaida;donnée ERP: LSF 042015;2 - Élevée;4 - Utilisateur;3 - Moyenne;request fulfilment;chaifar@p2o5;11/05/2015 10:23;12/05/2015 13:13
IM129666;incident;closed;Closed;Casa Maintenance Applicative OPM;;Problème sur Bilan consolidé (admin);2 - Élevée;4 - Utilisateur;3 - Moyenne;incident;jabli@p2o5;11/05/2015 13:57;27/05/2015 06:14
IM129732;request fulfilment;closed;Closed;Youssoufia -OCP;chraibi@p2o5;Demande d'Installation d une application  métier SIG OCP;2 - Élevée;4 - Utilisateur;3 - Moyenne;request fulfilment;chraibi@p2o5;12/05/2015 07:18;13/05/2015 16:17
IM129744;request fulfilment;closed;Closed;Benguerir - OCP;;réinitialisation mot de passe session;2 - Élevée;4 - Utilisateur;3 - Moyenne;request fulfilment;jabli@p2o5;12/05/2015 07:40;12/05/2015 10:37
IM129768;incident;closed;Closed;Youssoufia -OCP - Infra. Réseau;;echec de connexion au reseau wifi OCP;2 - Élevée;3 - Utilisateurs multiples;3 - Moyenne;incident;jabli@p2o5;12/05/2015 08:35;27/05/2015 06:37
IM129777;incident;closed;Closed;Benguerir - OCP;;erreur de recevoir les message externe OCP;2 - Élevée;4 - Utilisateur;3 - Moyenne;incident;elhajjam@p2o5;12/05/2015 08:55;12/05/2015 14:01
IM129790;incident;closed;Closed;Benguerir - Maintenance technique OCP;;Blocage ordinateur de monsieur ait ahmed;2 - Élevée;4 - Utilisateur;3 - Moyenne;incident;elhajjam@p2o5;12/05/2015 09:39;13/05/2015 13:07
IM129791;request fulfilment;closed;Closed;Benguerir - OCP;;réclamation au niveau de boite mesagerie;2 - Élevée;4 - Utilisateur;3 - Moyenne;request fulfilment;elhajjam@p2o5;12/05/2015 09:42;12/05/2015 17:16
IM129805;request fulfilment;closed;Closed;Benguerir - OCP;;compte oracle;2 - Élevée;4 - Utilisateur;3 - Moyenne;request fulfilment;elhajjam@p2o5;12/05/2015 10:04;12/05/2015 14:33
IM129828;request fulfilment;closed;Closed;Youssoufia -OCP;serhani@p2o5;deplacement compte;2 - Élevée;4 - Utilisateur;3 - Moyenne;request fulfilment;serhani@p2o5;12/05/2015 11:12;12/05/2015 13:48
IM129848;request fulfilment;closed;Closed;Casa Production Exploitation Applicative;belali@darbaida;donnée ERP: extraction LSF 042015 (fait);2 - Élevée;4 - Utilisateur;3 - Moyenne;request fulfilment;chaifar@p2o5;12/05/2015 14:00;13/05/2015 15:14
IM129877;incident;closed;Closed;Youssoufia - Maintenance technique OCP;elhajjam@p2o5;Ecran Pc portable Cassée;2 - Élevée;4 - Utilisateur;3 - Moyenne;incident;elhajjam@p2o5;12/05/2015 16:09;12/05/2015 17:08
IM129905;request fulfilment;closed;Closed;Benguerir - OCP;;réinitialisation du mot de passe PGP;2 - Élevée;4 - Utilisateur;3 - Moyenne;request fulfilment;elhajjam@p2o5;13/05/2015 06:18;13/05/2015 06:33
IM129906;request fulfilment;closed;Closed;Youssoufia -OCP;;"Utlisatrice souhaite rejoindre le groupe "" tout le monde youssofiya "" et "" tout le monde  gantour """;2 - Élevée;4 - Utilisateur;3 - Moyenne;request fulfilment;elhajjam@p2o5;13/05/2015 06:35;13/05/2015 08:52
IM129925;request fulfilment;closed;Closed;Benguerir - OCP;;reclamation;2 - Élevée;4 - Utilisateur;3 - Moyenne;request fulfilment;elhajjam@p2o5;13/05/2015 07:53;13/05/2015 08:56
IM129939;request fulfilment;closed;Closed;Youssoufia -OCP;;PW GMAO;2 - Élevée;4 - Utilisateur;3 - Moyenne;request fulfilment;elhajjam@p2o5;13/05/2015 08:19;13/05/2015 09:31
IM129966;incident;closed;Closed;Youssoufia - Maintenance technique OCP;serhani@p2o5;Demarrage PC;2 - Élevée;4 - Utilisateur;3 - Moyenne;incident;serhani@p2o5;13/05/2015 09:09;21/05/2015 16:11
IM129965;request fulfilment;closed;Closed;Youssoufia -OCP;elhajjam@p2o5; réinitialisation mot de passe session;2 - Élevée;4 - Utilisateur;3 - Moyenne;request fulfilment;elhajjam@p2o5;13/05/2015 09:11;13/05/2015 09:53
IM129967;request fulfilment;closed;Closed;Benguerir - OCP;;Oracle;2 - Élevée;4 - Utilisateur;3 - Moyenne;request fulfilment;elhajjam@p2o5;13/05/2015 09:11;13/05/2015 09:40
IM130009;request fulfilment;closed;Closed;Youssoufia -OCP;;Deplacement du compte de M. EL OUALI Mohamed (7315);2 - Élevée;4 - Utilisateur;3 - Moyenne;request fulfilment;jabli@p2o5;13/05/2015 11:07;19/05/2015 06:17
IM130070;request fulfilment;closed;Closed;Casa Production Exploitation Applicative;belali@darbaida;Données-ERP: Redressement de l'indemnité de logement;2 - Élevée;4 - Utilisateur;3 - Moyenne;request fulfilment;chaifar@p2o5;13/05/2015 15:18;14/05/2015 16:00
IM130073;request fulfilment;closed;Closed;Youssoufia -OCP;elhajjam@p2o5;Reinitialisation du mot de passe de la session windows;2 - Élevée;4 - Utilisateur;3 - Moyenne;request fulfilment;elhajjam@p2o5;13/05/2015 15:26;13/05/2015 15:36
IM130082;incident;closed;Closed;Youssoufia - Maintenance technique OCP;el habhoub@p2o5;Onduleur à l'arrêt;2 - Élevée;3 - Utilisateurs multiples;1 - Critique;incident;el habhoub@p2o5;13/05/2015 15:39;22/05/2015 10:18
IM130084;incident;closed;Closed;Youssoufia -OCP - Infra. Réseau;el habhoub@p2o5;Débit Internet IAM;2 - Élevée;3 - Utilisateurs multiples;1 - Critique;incident;el habhoub@p2o5;13/05/2015 15:44;13/05/2015 17:31
IM130096;request fulfilment;closed;Closed;Youssoufia -OCP;chraibi@p2o5;Autorisation messagerie externe;2 - Élevée;4 - Utilisateur;3 - Moyenne;request fulfilment;chraibi@p2o5;13/05/2015 17:41;14/05/2015 06:34
IM130095;incident;closed;Closed;Benguerir - OCP - Infra. Réseau;el habhoub@p2o5;Internet Meditel;2 - Élevée;3 - Utilisateurs multiples;1 - Critique;incident;el habhoub@p2o5;13/05/2015 17:42;18/05/2015 06:24
IM130098;incident;closed;Closed;Youssoufia -OCP - Infra. Réseau;el habhoub@p2o5;lenteur sur Internet INWI à YFIA;2 - Élevée;3 - Utilisateurs multiples;1 - Critique;incident;el habhoub@p2o5;13/05/2015 17:51;18/05/2015 06:22
IM130108;incident;closed;Closed;Benguerir - OCP;;echec d 'accès internet;2 - Élevée;3 - Utilisateurs multiples;3 - Moyenne;incident;elhajjam@p2o5;14/05/2015 06:38;18/05/2015 14:11
IM130115;incident;closed;Closed;Gantour OPM - Instrumentistes Laverie;;bascule CD2 station déchargement UL;1 - Critique;1 - Entreprise;1 - Critique;incident;jabli@p2o5;14/05/2015 07:44;27/05/2015 06:35
IM130123;incident;closed;Closed;Benguerir - OCP - Infra. Réseau;;Accès à Internet;2 - Élevée;4 - Utilisateur;3 - Moyenne;incident;elhajjam@p2o5;14/05/2015 08:00;14/05/2015 13:26
IM130129;request fulfilment;closed;Closed;Benguerir - OCP;;Échec de la remise pour destinataires à l'éxtérieure;2 - Élevée;4 - Utilisateur;3 - Moyenne;request fulfilment;elhajjam@p2o5;14/05/2015 08:09;14/05/2015 10:15
IM130149;request fulfilment;closed;Closed;Youssoufia -OCP;elhajjam@p2o5;demande de reinitialisation mot de passe session;2 - Élevée;4 - Utilisateur;3 - Moyenne;request fulfilment;elhajjam@p2o5;14/05/2015 08:47;14/05/2015 09:07
IM130153;request fulfilment;closed;Closed;Benguerir - OCP - Infra. Réseau;;Demande attribution cable réseau;2 - Élevée;4 - Utilisateur;3 - Moyenne;request fulfilment;elhajjam@p2o5;14/05/2015 08:54;14/05/2015 13:26
IM130158;request fulfilment;closed;Closed;Youssoufia -OCP;;Creation d'une session pour l'agent M.HOUMSSI HAMZA;2 - Élevée;4 - Utilisateur;3 - Moyenne;request fulfilment;elhajjam@p2o5;14/05/2015 08:58;14/05/2015 14:42
IM130175;request fulfilment;closed;Closed;Benguerir - OCP;;reinitialition de mot de passe oracle.;2 - Élevée;4 - Utilisateur;3 - Moyenne;request fulfilment;elhajjam@p2o5;14/05/2015 09:34;14/05/2015 17:24
IM130178;incident;closed;Closed;Benguerir - Maintenance technique OCP;;imprimente;2 - Élevée;3 - Utilisateurs multiples;3 - Moyenne;incident;elhajjam@p2o5;14/05/2015 09:35;16/05/2015 08:12
IM130261;request fulfilment;closed;Closed;Benguerir - OCP;;Phrase secrete PGP;2 - Élevée;4 - Utilisateur;3 - Moyenne;request fulfilment;elhajjam@p2o5;14/05/2015 15:37;14/05/2015 15:43
IM130324;request fulfilment;closed;Closed;Benguerir - OCP;;Demande de MAJ sur l'AD;2 - Élevée;4 - Utilisateur;3 - Moyenne;request fulfilment;elhajjam@p2o5;15/05/2015 08:38;16/05/2015 08:25
IM130343;request fulfilment;closed;Closed;Benguerir - OCP;;Demande de creation session;2 - Élevée;4 - Utilisateur;3 - Moyenne;request fulfilment;elhajjam@p2o5;15/05/2015 10:01;16/05/2015 08:18
IM130407;request fulfilment;closed;Closed;Youssoufia -OCP;;Compte ORACLE;2 - Élevée;4 - Utilisateur;3 - Moyenne;request fulfilment;elhajjam@p2o5;16/05/2015 10:25;16/05/2015 10:59
IM130410;incident;closed;Closed;Benguerir - OCP;;connection lente;2 - Élevée;4 - Utilisateur;3 - Moyenne;incident;elhajjam@p2o5;16/05/2015 10:50;16/05/2015 13:30
IM130412;incident;closed;Closed;Youssoufia -OCP;el habhoub@p2o5;Problème connexion ORACLE;2 - Élevée;4 - Utilisateur;3 - Moyenne;incident;el habhoub@p2o5;16/05/2015 12:00;16/05/2015 13:49
IM130507;incident;closed;Closed;Youssoufia -OCP;jabli@p2o5;"Echec d""envoie email sur outlook";2 - Élevée;4 - Utilisateur;3 - Moyenne;incident;jabli@p2o5;18/05/2015 09:54;18/05/2015 10:43
IM130518;request fulfilment;closed;Closed;Youssoufia -OCP;elhajjam@p2o5;GMAO :Réinitialisation  mot de passe  session oracle;2 - Élevée;4 - Utilisateur;3 - Moyenne;request fulfilment;elhajjam@p2o5;18/05/2015 10:28;18/05/2015 13:06
IM130526;incident;closed;Closed;Benguerir - OCP - Infra. Réseau;;Problème réseau;2 - Élevée;4 - Utilisateur;3 - Moyenne;incident;elhajjam@p2o5;18/05/2015 10:36;20/05/2015 15:55
IM130582;request fulfilment;closed;Closed;Benguerir - OCP - Infra. Réseau;;configuration routeur ADSL;2 - Élevée;4 - Utilisateur;3 - Moyenne;request fulfilment;elhajjam@p2o5;18/05/2015 14:22;18/05/2015 14:39
IM130595;request fulfilment;closed;Closed;Benguerir - OCP;;Activation Session Windows;2 - Élevée;4 - Utilisateur;3 - Moyenne;request fulfilment;jabli@p2o5;18/05/2015 14:54;19/05/2015 07:04
IM130618;request fulfilment;closed;Closed;Benguerir - OCP;serhani@p2o5;Deplacement du compte;2 - Élevée;4 - Utilisateur;3 - Moyenne;request fulfilment;serhani@p2o5;19/05/2015 07:04;19/05/2015 08:52
IM130619;request fulfilment;closed;Closed;Benguerir - OCP;serhani@p2o5;Deplacement du compte;2 - Élevée;4 - Utilisateur;3 - Moyenne;request fulfilment;serhani@p2o5;19/05/2015 07:05;19/05/2015 08:53
IM130620;request fulfilment;closed;Closed;Benguerir - OCP;serhani@p2o5;Deplacement du compte;2 - Élevée;4 - Utilisateur;3 - Moyenne;request fulfilment;serhani@p2o5;19/05/2015 07:06;19/05/2015 08:53
IM130621;request fulfilment;closed;Closed;Benguerir - OCP;serhani@p2o5;Deplacement du compte;2 - Élevée;4 - Utilisateur;3 - Moyenne;request fulfilment;serhani@p2o5;19/05/2015 07:08;19/05/2015 08:54
IM130622;request fulfilment;closed;Closed;Benguerir - OCP;serhani@p2o5;Deplacement du compte;2 - Élevée;4 - Utilisateur;3 - Moyenne;request fulfilment;serhani@p2o5;19/05/2015 07:10;19/05/2015 08:55
IM130623;incident;closed;Closed;Gantour OPM - Instrumentistes Calcination-Séchage;BOUMEDIEN@p2o5;OPM;1 - Critique;1 - Entreprise;1 - Critique;incident;BOUMEDIEN@p2o5;19/05/2015 07:55;22/05/2015 07:59
IM130625;incident;closed;Closed;Gantour OPM - Instrumentistes Bouchane-Mzinda;;probleme sur OPM (chargement en cours);1 - Critique;1 - Entreprise;1 - Critique;incident;LASLAMI@p2o5;19/05/2015 07:57;21/05/2015 07:02
IM130626;incident;closed;Closed;Gantour OPM - Instrumentistes Calcination-Séchage;BOUMEDIEN@p2o5;OPM laverie;1 - Critique;1 - Entreprise;1 - Critique;incident;BOUMEDIEN@p2o5;19/05/2015 07:59;22/05/2015 08:04
IM130627;request fulfilment;closed;Closed;Youssoufia -OCP;serhani@p2o5;Deplacement de compte;2 - Élevée;4 - Utilisateur;3 - Moyenne;request fulfilment;serhani@p2o5;19/05/2015 08:00;21/05/2015 16:06
IM130628;request fulfilment;updated;Work In Progress;Youssoufia - Maintenance technique OCP;serhani@p2o5;Imprimante  LEXMARK MX611 de;2 - Élevée;4 - Utilisateur;3 - Moyenne;request fulfilment;;19/05/2015 08:44;
IM130629;request fulfilment;closed;Closed;Youssoufia -OCP;jabli@p2o5;PC PORTABLE HP 820;2 - Élevée;4 - Utilisateur;3 - Moyenne;request fulfilment;jabli@p2o5;19/05/2015 08:45;19/05/2015 08:48
IM130630;incident;updated;Work In Progress;Youssoufia - Maintenance technique OCP;serhani@p2o5;Video projecteur ACER X1210;2 - Élevée;4 - Utilisateur;3 - Moyenne;incident;;19/05/2015 08:46;
IM130631;request fulfilment;closed;Closed;Youssoufia -OCP;serhani@p2o5;Deplacement de compte;2 - Élevée;4 - Utilisateur;3 - Moyenne;request fulfilment;jabli@p2o5;19/05/2015 08:55;19/05/2015 10:18
IM130632;request fulfilment;closed;Closed;Youssoufia -OCP;serhani@p2o5;Deplacement de compte;2 - Élevée;4 - Utilisateur;3 - Moyenne;request fulfilment;jabli@p2o5;19/05/2015 08:56;19/05/2015 10:17
IM130646;request fulfilment;closed;Closed;Youssoufia -OCP;elhajjam@p2o5;mot de passe égaré;2 - Élevée;4 - Utilisateur;3 - Moyenne;request fulfilment;elhajjam@p2o5;19/05/2015 10:07;19/05/2015 10:12
IM130648;request fulfilment;closed;Closed;Benguerir - OCP;;Mot de passe session;2 - Élevée;4 - Utilisateur;3 - Moyenne;request fulfilment;elhajjam@p2o5;19/05/2015 10:11;19/05/2015 10:14
IM130665;incident;closed;Closed;Casa Production centrale ERP;;problèmes sur oracle;2 - Élevée;4 - Utilisateur;3 - Moyenne;incident;Morad.Jimad@p2o5;19/05/2015 11:25;26/05/2015 09:41
IM130672;incident;closed;Closed;Benguerir - OCP - Infra. Réseau;;Echec connexion au réseau OCP;2 - Élevée;4 - Utilisateur;3 - Moyenne;incident;elhajjam@p2o5;19/05/2015 11:49;19/05/2015 13:08
IM130689;incident;closed;Closed;Casa Production Exploitation Applicative;chaifar@p2o5;donnée ERP: pointage définitif;2 - Élevée;4 - Utilisateur;3 - Moyenne;request fulfilment;chaifar@p2o5;19/05/2015 13:24;19/05/2015 14:04
IM130728;incident;closed;Closed;Benguerir - OCP;;Serveur AD down de Benguerir;2 - Élevée;4 - Utilisateur;3 - Moyenne;incident;elhajjam@p2o5;19/05/2015 15:13;19/05/2015 16:55
IM130737;incident;closed;Closed;Youssoufia -OCP;;Serveur AD down de Benguerir;2 - Élevée;4 - Utilisateur;3 - Moyenne;incident;jabli@p2o5;19/05/2015 15:43;19/05/2015 15:49
IM130745;request fulfilment;closed;Closed;Youssoufia -OCP;jabli@p2o5;Compte de Messagerie;2 - Élevée;4 - Utilisateur;3 - Moyenne;request fulfilment;jabli@p2o5;19/05/2015 16:18;19/05/2015 16:59
IM130746;request fulfilment;closed;Closed;Youssoufia -OCP;jabli@p2o5;Nouveau compte de messagerie;2 - Élevée;4 - Utilisateur;3 - Moyenne;request fulfilment;jabli@p2o5;19/05/2015 16:19;19/05/2015 17:00
IM130749;request fulfilment;closed;Closed;Youssoufia -OCP;jabli@p2o5;Compte de Messagerie;2 - Élevée;4 - Utilisateur;3 - Moyenne;request fulfilment;jabli@p2o5;19/05/2015 16:23;19/05/2015 17:00
IM130750;request fulfilment;closed;Closed;Youssoufia -OCP;jabli@p2o5;Compte de Messagerie;2 - Élevée;4 - Utilisateur;3 - Moyenne;request fulfilment;jabli@p2o5;19/05/2015 16:24;19/05/2015 17:00
IM130793;incident;closed;Closed;Youssoufia -OCP;serhani@p2o5;Lenteur de poste;2 - Élevée;4 - Utilisateur;3 - Moyenne;incident;elhajjam@p2o5;20/05/2015 08:29;22/05/2015 15:26
IM130794;request fulfilment;closed;Closed;Youssoufia -OCP;jabli@p2o5;Demande de reinitialisation de mot de passe;2 - Élevée;4 - Utilisateur;3 - Moyenne;request fulfilment;jabli@p2o5;20/05/2015 08:30;20/05/2015 08:42
IM130810;request fulfilment;closed;Closed;Youssoufia -OCP;jabli@p2o5;demande d'ajout a des listes de distribution Youssoufiya;2 - Élevée;4 - Utilisateur;3 - Moyenne;request fulfilment;jabli@p2o5;20/05/2015 09:23;20/05/2015 09:31
IM130846;incident;closed;Closed;Benguerir - OCP - Infra. Réseau;el habhoub@p2o5; la mise en service du réseau  de la station gasoil point T;2 - Élevée;2 - Site/Département;2 - Élevée;incident;elhajjam@p2o5;20/05/2015 11:07;20/05/2015 11:09
IM130857;request fulfilment;closed;Closed;Benguerir - OCP;;Mot de passe session;2 - Élevée;4 - Utilisateur;3 - Moyenne;request fulfilment;elhajjam@p2o5;20/05/2015 13:18;20/05/2015 13:22
IM130858;request fulfilment;closed;Closed;Youssoufia -OCP;;Demande de reinitialisation du mot de passe PGP;2 - Élevée;4 - Utilisateur;3 - Moyenne;request fulfilment;jabli@p2o5;20/05/2015 13:18;20/05/2015 15:37
IM130901;incident;closed;Closed;Youssoufia - Maintenance technique OCP;serhani@p2o5;Ecran - rayeurs bleus;2 - Élevée;4 - Utilisateur;3 - Moyenne;incident;jabli@p2o5;20/05/2015 15:00;15/06/2015 14:16
IM130905;incident;closed;Closed;Youssoufia -OCP;;Echec accès à SM9;2 - Élevée;4 - Utilisateur;3 - Moyenne;incident;elhajjam@p2o5;20/05/2015 15:05;21/05/2015 06:37
IM130910;incident;closed;Closed;Youssoufia -OCP;el habhoub@p2o5;problème general de pilotes pour imprimante hp 4345;2 - Élevée;2 - Site/Département;2 - Élevée;incident;el habhoub@p2o5;20/05/2015 15:40;20/05/2015 15:53
IM130919;incident;closed;Closed;Benguerir - OCP;;assistance de déchiffrement des émails avec PGP;2 - Élevée;4 - Utilisateur;3 - Moyenne;incident;elhajjam@p2o5;20/05/2015 16:13;21/05/2015 07:37
IM130933;request fulfilment;closed;Closed;Youssoufia -OCP;elhajjam@p2o5; réinitialisation mot de passe PGP;2 - Élevée;4 - Utilisateur;3 - Moyenne;request fulfilment;elhajjam@p2o5;20/05/2015 16:53;20/05/2015 17:03
IM130941;request fulfilment;closed;Closed;Youssoufia -OCP;;réinitialisation mot de passe PGP.;2 - Élevée;4 - Utilisateur;3 - Moyenne;request fulfilment;elhajjam@p2o5;20/05/2015 17:34;20/05/2015 17:42
IM130943;incident;closed;Closed;Youssoufia -OCP - Infra. Réseau;lahlali@p2o5;Switch Bureau des plans Youssoufia hors service;2 - Élevée;4 - Utilisateur;3 - Moyenne;incident;lahlali@p2o5;20/05/2015 17:40;21/05/2015 09:04
IM130950;request fulfilment;closed;Closed;Benguerir - OCP;;Demande de reinitialiastion du mot de pass oracle;2 - Élevée;4 - Utilisateur;3 - Moyenne;request fulfilment;elhajjam@p2o5;21/05/2015 07:17;21/05/2015 16:34
IM130963;incident;closed;Closed;Youssoufia - Maintenance technique OCP;el habhoub@p2o5;Badgeuses en panne;2 - Élevée;4 - Utilisateur;3 - Moyenne;incident;jabli@p2o5;21/05/2015 07:49;01/07/2015 10:34
IM131000;incident;closed;Closed;Youssoufia -OCP - Infra. Réseau;lahlali@p2o5;Probleme de Connection d'Internet au Labo d'Anglais;2 - Élevée;4 - Utilisateur;3 - Moyenne;incident;lahlali@p2o5;21/05/2015 09:16;21/05/2015 10:06
IM131024;request fulfilment;closed;Closed;Casa Production Exploitation Applicative;chaifar@p2o5;Données ERP : Relance de la paie PM 05-2015.;2 - Élevée;4 - Utilisateur;3 - Moyenne;request fulfilment;chaifar@p2o5;21/05/2015 09:57;22/05/2015 08:52
IM131030;request fulfilment;closed;Closed;Youssoufia -OCP;elhajjam@p2o5;Liste des agents à youssoufia;2 - Élevée;4 - Utilisateur;3 - Moyenne;request fulfilment;elhajjam@p2o5;21/05/2015 10:04;21/05/2015 10:08
IM131035;request fulfilment;closed;Closed;Youssoufia -OCP;elhajjam@p2o5;demande de Reinitialisation du mot de Passe Oracle;2 - Élevée;4 - Utilisateur;3 - Moyenne;request fulfilment;elhajjam@p2o5;21/05/2015 10:11;21/05/2015 10:39
IM131036;incident;closed;Closed;Gantour OPM - Instrumentistes Laverie;;forçage des donnée OPM  SD UL;1 - Critique;1 - Entreprise;1 - Critique;incident;jabli@p2o5;21/05/2015 10:12;27/05/2015 06:38
IM131045;incident;closed;Closed;Youssoufia -OCP - Infra. Réseau;lahlali@p2o5;prise défectueuse;2 - Élevée;4 - Utilisateur;3 - Moyenne;incident;lahlali@p2o5;21/05/2015 10:23;21/05/2015 10:45
IM131062;request fulfilment;closed;Closed;Youssoufia -OCP;elhajjam@p2o5;session desactivé;2 - Élevée;4 - Utilisateur;3 - Moyenne;request fulfilment;elhajjam@p2o5;21/05/2015 10:48;21/05/2015 10:58
IM131070;incident;updated;Work In Progress;Youssoufia - Maintenance technique OCP;serhani@p2o5;problème d'affichage;2 - Élevée;4 - Utilisateur;3 - Moyenne;incident;;21/05/2015 11:19;
IM131071;incident;updated;Work In Progress;Youssoufia - Maintenance technique OCP;serhani@p2o5;probléme d'affichage;2 - Élevée;4 - Utilisateur;3 - Moyenne;incident;;21/05/2015 11:19;
IM131099;request fulfilment;closed;Closed;Casa Production Exploitation Applicative;belali@darbaida;Donnée ERP:  feu vert de la paie tamca mai 2015;2 - Élevée;4 - Utilisateur;3 - Moyenne;request fulfilment;chaifar@p2o5;21/05/2015 13:33;22/05/2015 10:00
IM131116;request fulfilment;closed;Closed;Youssoufia -OCP;el habhoub@p2o5;Réintialisation Mot de passe session;2 - Élevée;4 - Utilisateur;3 - Moyenne;request fulfilment;el habhoub@p2o5;21/05/2015 14:14;21/05/2015 14:27
IM131152;incident;closed;Closed;Casa Production Exploitation Applicative;chaifar@p2o5;Données ERP : Feu vert de la paie PM 05-2015.;2 - Élevée;4 - Utilisateur;3 - Moyenne;incident;chaifar@p2o5;21/05/2015 16:14;22/05/2015 08:53
IM131179;request fulfilment;closed;Closed;Youssoufia -OCP;serhani@p2o5;Deplacement compte;2 - Élevée;4 - Utilisateur;3 - Moyenne;request fulfilment;serhani@p2o5;22/05/2015 08:07;22/05/2015 15:27
IM131180;request fulfilment;closed;Closed;Youssoufia -OCP;serhani@p2o5;Deplacement compte;2 - Élevée;4 - Utilisateur;3 - Moyenne;request fulfilment;serhani@p2o5;22/05/2015 08:07;22/05/2015 15:26
IM131184;incident;closed;Closed;Youssoufia -OCP - Infra. Réseau;lahlali@p2o5;Serveur Pont bascule déchargement bouchane;2 - Élevée;2 - Site/Département;2 - Élevée;incident;lahlali@p2o5;22/05/2015 08:15;22/05/2015 15:14
IM131185;incident;closed;Closed;Youssoufia -OCP - Infra. Réseau;lahlali@p2o5;Firewall Pont bascule déchargement;2 - Élevée;2 - Site/Département;2 - Élevée;incident;lahlali@p2o5;22/05/2015 08:15;22/05/2015 15:15
IM131275;request fulfilment;closed;Closed;Casa Production Exploitation Applicative;chaifar@p2o5;"•	DONNEES – ERP ? : FV PAIE 1Q MAI 2015";2 - Élevée;4 - Utilisateur;3 - Moyenne;request fulfilment;chaifar@p2o5;22/05/2015 14:37;25/05/2015 09:10
IM131288;request fulfilment;closed;Closed;Casa Production Exploitation Applicative;chaifar@p2o5;donner erp : FV DE LA 1ère qz 05-2015;2 - Élevée;4 - Utilisateur;3 - Moyenne;request fulfilment;chaifar@p2o5;22/05/2015 15:05;25/05/2015 14:37
IM131317;incident;closed;Closed;Benguerir - OCP - Infra. Réseau;;prise réseau défectueuse;2 - Élevée;4 - Utilisateur;3 - Moyenne;incident;elhajjam@p2o5;22/05/2015 16:56;25/05/2015 08:45
IM131318;request fulfilment;closed;Closed;Benguerir - OCP;;Déplacement Badgeuse hôpital;2 - Élevée;4 - Utilisateur;3 - Moyenne;request fulfilment;elhajjam@p2o5;22/05/2015 16:58;22/05/2015 17:00
IM131321;request fulfilment;closed;Closed;Benguerir - OCP;;Demande de creation  d'une session  windows avec BAL;2 - Élevée;4 - Utilisateur;3 - Moyenne;request fulfilment;elhajjam@p2o5;22/05/2015 17:27;22/05/2015 17:28
IM131326;request fulfilment;closed;Closed;Benguerir - OCP;;Demande de reinitialisation mot de passe Oracle;2 - Élevée;4 - Utilisateur;3 - Moyenne;request fulfilment;jabli@p2o5;23/05/2015 10:12;23/05/2015 12:05
IM131330;incident;closed;Closed;Benguerir - OCP;;Manque affichage tonnage OPM le 23 et 24 /05/2015;1 - Critique;1 - Entreprise;1 - Critique;incident;jabli@p2o5;24/05/2015 07:30;24/05/2015 11:01
IM131332;incident;closed;Closed;Youssoufia -OCP;jabli@p2o5;OPM- PONT BASCULE BENGUERIR INJOIGNABLE;1 - Critique;2 - Site/Département;1 - Critique;incident;jabli@p2o5;24/05/2015 11:04;24/05/2015 11:05
IM131336;request fulfilment;closed;Closed;Youssoufia -OCP;jabli@p2o5;Réinitialisation mot de passe du session;2 - Élevée;4 - Utilisateur;3 - Moyenne;request fulfilment;jabli@p2o5;25/05/2015 06:21;25/05/2015 07:14
IM131340;request fulfilment;closed;Closed;Youssoufia -OCP;jabli@p2o5;Réinitialisation Mot de passe session;2 - Élevée;4 - Utilisateur;3 - Moyenne;request fulfilment;jabli@p2o5;25/05/2015 06:43;25/05/2015 07:16
IM131342;request fulfilment;closed;Closed;Benguerir - OCP;;Réintiialisation Mot de passe oracle;2 - Élevée;4 - Utilisateur;3 - Moyenne;request fulfilment;jabli@p2o5;25/05/2015 06:54;25/05/2015 07:10
IM131347;incident;closed;Closed;Youssoufia -OCP;jabli@p2o5;Mot de passe oracle M NOHAIR;2 - Élevée;4 - Utilisateur;1 - Critique;incident;jabli@p2o5;25/05/2015 07:35;25/05/2015 07:36
IM131371;request fulfilment;closed;Closed;Youssoufia -OCP;jabli@p2o5;demande de reinitialisation mot de passe session;2 - Élevée;4 - Utilisateur;3 - Moyenne;request fulfilment;jabli@p2o5;25/05/2015 07:56;25/05/2015 08:01
IM131412;incident;closed;Closed;Gantour OPM - Instrumentistes Bouchane-Mzinda;LASLAMI@p2o5;OPM;1 - Critique;1 - Entreprise;1 - Critique;incident;LASLAMI@p2o5;25/05/2015 08:35;15/06/2015 07:41
IM131420;request fulfilment;closed;Closed;Youssoufia -OCP;;acces HP service manager + installation pilote imprimante;2 - Élevée;4 - Utilisateur;3 - Moyenne;request fulfilment;jabli@p2o5;25/05/2015 08:42;25/05/2015 10:27
IM131477;request fulfilment;closed;Closed;Gantour OPM - fonctionnels;LASLAMI@p2o5;Problème mot de passe session OPM;1 - Critique;1 - Entreprise;1 - Critique;request fulfilment;LASLAMI@p2o5;25/05/2015 10:14;18/06/2015 10:06
IM131531;incident;closed;Closed;Benguerir - OCP;;reinitialisation mdp oracle pour CHOKRI abdennaceur;2 - Élevée;4 - Utilisateur;2 - Élevée;incident;jabli@p2o5;25/05/2015 14:10;25/05/2015 14:11
IM131576;request fulfilment;closed;Closed;Benguerir - OCP;;Création de session;2 - Élevée;4 - Utilisateur;3 - Moyenne;request fulfilment;jabli@p2o5;25/05/2015 15:54;26/05/2015 07:27
IM131615;incident;closed;Closed;Youssoufia - Maintenance technique OCP;chraibi@p2o5;imprimente en défaut;2 - Élevée;4 - Utilisateur;3 - Moyenne;incident;chraibi@p2o5;26/05/2015 08:27;26/05/2015 16:54
IM131630;incident;closed;Closed;Youssoufia - Maintenance technique OCP;serhani@p2o5;" un probleme sur l imprimante  ""  tonner use plein / changer flacon """;2 - Élevée;4 - Utilisateur;3 - Moyenne;incident;jabli@p2o5;26/05/2015 08:44;27/05/2015 06:20
IM131652;request fulfilment;closed;Closed;Youssoufia -OCP;jabli@p2o5;Oublie de mot de passe;2 - Élevée;4 - Utilisateur;3 - Moyenne;request fulfilment;jabli@p2o5;26/05/2015 09:23;26/05/2015 09:27
IM131673;incident;closed;Closed;Casa Maintenance Applicative OPM;;opm-problème d'accès au compte;1 - Critique;1 - Entreprise;1 - Critique;incident;moufid_j@darbaida;26/05/2015 10:18;27/05/2015 09:13
IM131678;request fulfilment;closed;Closed;Youssoufia -OCP;; Mot de passe  Oracle;2 - Élevée;4 - Utilisateur;3 - Moyenne;request fulfilment;jabli@p2o5;26/05/2015 10:25;26/05/2015 10:28
IM131717;request fulfilment;closed;Closed;Benguerir - OCP;;renisialisation de mot de passe PC;2 - Élevée;4 - Utilisateur;3 - Moyenne;request fulfilment;jabli@p2o5;26/05/2015 15:04;26/05/2015 15:55
IM131763;incident;closed;Closed;Gantour OPM - fonctionnels;;probleme de conixion sur  bascule C5 de la Recette 1;1 - Critique;1 - Entreprise;1 - Critique;incident;LASLAMI@p2o5;27/05/2015 06:35;15/06/2015 07:38
IM131766;incident;closed;Closed;Youssoufia -OCP;jabli@p2o5;PB sortie camions bouchane down;1 - Critique;2 - Site/Département;1 - Critique;incident;jabli@p2o5;27/05/2015 06:57;27/05/2015 07:03
IM131775;incident;closed;Closed;Youssoufia - Maintenance technique OCP;chraibi@p2o5;imprimente Hors service;2 - Élevée;4 - Utilisateur;3 - Moyenne;incident;chraibi@p2o5;27/05/2015 07:52;28/05/2015 10:54
IM131792;incident;updated;Accepted;Benguerir - Maintenance technique OCP;serhani@p2o5;Problème Imprimante Xerox 7545;1 - Critique;1 - Entreprise;1 - Critique;incident;;27/05/2015 08:22;
IM131867;request fulfilment;closed;Closed;Benguerir - Maintenance technique OCP;chraibi@p2o5;installation d'un nouveau poste;2 - Élevée;4 - Utilisateur;3 - Moyenne;request fulfilment;elhajjam@p2o5;27/05/2015 13:30;27/05/2015 14:41
IM131870;incident;closed;Closed;Benguerir - OCP - Infra. Réseau;;Badgeuse en défaut;2 - Élevée;4 - Utilisateur;3 - Moyenne;incident;elhajjam@p2o5;27/05/2015 13:38;28/05/2015 14:39
IM131877;request fulfilment;closed;Closed;Benguerir - OCP;; réinitialiser la session oracle de Mr MEZROUI;2 - Élevée;4 - Utilisateur;3 - Moyenne;request fulfilment;elhajjam@p2o5;27/05/2015 13:53;27/05/2015 14:06
IM131882;incident;closed;Closed;Benguerir - Maintenance technique OCP;chraibi@p2o5;Ecran iPad brisé;2 - Élevée;4 - Utilisateur;3 - Moyenne;incident;chraibi@p2o5;27/05/2015 13:59;27/05/2015 15:41
IM131888;request fulfilment;closed;Closed;Youssoufia - Maintenance technique OCP;el habhoub@p2o5;Installation réseaux au centre de formation;2 - Élevée;4 - Utilisateur;3 - Moyenne;request fulfilment;el habhoub@p2o5;27/05/2015 14:09;12/06/2015 15:20
IM131892;request fulfilment;closed;Closed;Youssoufia - Maintenance technique OCP;el habhoub@p2o5;Installation d'un badgeuse au centre de formation Youssoufia;2 - Élevée;4 - Utilisateur;3 - Moyenne;request fulfilment;el habhoub@p2o5;27/05/2015 14:16;12/06/2015 15:21
IM131928;request fulfilment;closed;Closed;Youssoufia -OCP;jabli@p2o5;demande d installation de java 8;2 - Élevée;4 - Utilisateur;3 - Moyenne;request fulfilment;jabli@p2o5;27/05/2015 15:54;28/05/2015 13:41
IM131941;request fulfilment;closed;Closed;Benguerir - OCP;;Initialisation du mot de passe;2 - Élevée;4 - Utilisateur;3 - Moyenne;request fulfilment;elhajjam@p2o5;27/05/2015 17:43;28/05/2015 06:12
IM131960;incident;closed;Closed;Gantour OPM - fonctionnels;;Manque affichage tonnage OPM;1 - Critique;1 - Entreprise;1 - Critique;incident;LASLAMI@p2o5;28/05/2015 07:11;15/06/2015 07:36
IM131961;incident;closed;Closed;Gantour OPM - fonctionnels;;Problème  bascule C5 sur OPM non affichée les donnée sur sys;1 - Critique;1 - Entreprise;1 - Critique;incident;LASLAMI@p2o5;28/05/2015 07:14;15/06/2015 07:38
IM131984;request fulfilment;closed;Closed;Youssoufia -OCP;elhajjam@p2o5; réinitialisation mot de passe session;1 - Critique;1 - Entreprise;1 - Critique;request fulfilment;elhajjam@p2o5;28/05/2015 08:01;28/05/2015 08:07
IM131985;incident;closed;Closed;Benguerir - OCP;;Erreur de licence Autocad;2 - Élevée;4 - Utilisateur;3 - Moyenne;incident;elhajjam@p2o5;28/05/2015 08:01;10/06/2015 16:55
IM131989;request fulfilment;closed;Closed;Youssoufia -OCP;elhajjam@p2o5;Demande de réinitialisation du compte ORACLE;2 - Élevée;4 - Utilisateur;3 - Moyenne;request fulfilment;elhajjam@p2o5;28/05/2015 08:07;28/05/2015 08:21
IM131992;incident;closed;Closed;Gantour OPM - Instrumentistes Laverie;;MANQUE INSTRUMENTATION   OPM;1 - Critique;1 - Entreprise;1 - Critique;incident;jabli@p2o5;28/05/2015 08:12;30/05/2015 10:37
IM131995;request fulfilment;closed;Closed;Benguerir - OCP - Infra. Réseau;;demande d'insatallation réseau Intranet;2 - Élevée;4 - Utilisateur;3 - Moyenne;request fulfilment;elhajjam@p2o5;28/05/2015 08:17;28/05/2015 14:41
IM132012;request fulfilment;closed;Closed;Benguerir - OCP;;Mot de passe Oracle;2 - Élevée;4 - Utilisateur;3 - Moyenne;request fulfilment;jabli@p2o5;28/05/2015 08:53;28/05/2015 09:26
IM132028;request fulfilment;closed;Closed;Benguerir - OCP - Infra. Réseau;; débranchement réseau informatique;2 - Élevée;4 - Utilisateur;3 - Moyenne;request fulfilment;elhajjam@p2o5;28/05/2015 09:53;28/05/2015 10:14
IM132036;incident;closed;Closed;Youssoufia - Maintenance technique OCP;chraibi@p2o5;Imprémente HP Laser Jet M4345MFP;2 - Élevée;4 - Utilisateur;3 - Moyenne;incident;chraibi@p2o5;28/05/2015 10:09;28/05/2015 14:11
IM132038;incident;closed;Closed;Gantour OPM - Instrumentistes Calcination-Séchage;;OPM Laverie;1 - Critique;1 - Entreprise;1 - Critique;incident;jabli@p2o5;28/05/2015 10:15;30/05/2015 10:38
IM132055;request fulfilment;closed;Closed;Youssoufia -OCP;el habhoub@p2o5;téléphone IP;2 - Élevée;4 - Utilisateur;3 - Moyenne;request fulfilment;el habhoub@p2o5;28/05/2015 11:32;05/06/2015 09:42
IM132066;request fulfilment;closed;Closed;Benguerir - OCP;;"Reinitialisation Passe session "" Mot de passe perdu""";2 - Élevée;4 - Utilisateur;3 - Moyenne;request fulfilment;jabli@p2o5;28/05/2015 13:37;28/05/2015 13:55
IM132082;request fulfilment;closed;Closed;Benguerir - OCP;;mot de passe cession oublie;2 - Élevée;4 - Utilisateur;3 - Moyenne;request fulfilment;elhajjam@p2o5;28/05/2015 14:52;28/05/2015 15:09
IM132083;request fulfilment;closed;Closed;Benguerir - OCP;;Demande de creation  d'une BAL;2 - Élevée;4 - Utilisateur;3 - Moyenne;request fulfilment;elhajjam@p2o5;28/05/2015 14:56;28/05/2015 15:03
IM132084;request fulfilment;closed;Closed;Youssoufia -OCP;jabli@p2o5;migrassion de compte de yousoufia à asfi;2 - Élevée;4 - Utilisateur;3 - Moyenne;request fulfilment;jabli@p2o5;28/05/2015 14:56;28/05/2015 15:30
IM132085;request fulfilment;closed;Closed;Benguerir - OCP;;Demande de creation d'un compte NT et de la messagerie;2 - Élevée;4 - Utilisateur;3 - Moyenne;request fulfilment;elhajjam@p2o5;28/05/2015 14:57;28/05/2015 15:26
IM132089;request fulfilment;closed;Closed;Benguerir - OCP;;réinisialisation  mot de passe ORACLE;2 - Élevée;4 - Utilisateur;3 - Moyenne;request fulfilment;elhajjam@p2o5;28/05/2015 15:04;28/05/2015 15:12
IM132091;request fulfilment;closed;Closed;Benguerir - OCP;;"Reinitialisation Passe session "" Mot de passe perdu""";2 - Élevée;4 - Utilisateur;3 - Moyenne;request fulfilment;elhajjam@p2o5;28/05/2015 15:10;28/05/2015 15:22
IM132118;incident;closed;Closed;Gantour OPM - Instrumentistes Calcination-Séchage;;OPM hors service;1 - Critique;1 - Entreprise;1 - Critique;incident;jabli@p2o5;29/05/2015 07:47;30/05/2015 10:38
IM132120;incident;closed;Closed;Gantour OPM - Instrumentistes Calcination-Séchage;;Manque sauvegarde donnée;1 - Critique;1 - Entreprise;1 - Critique;incident;jabli@p2o5;29/05/2015 07:52;30/05/2015 10:38
IM132122;incident;closed;Closed;Gantour OPM - Instrumentistes Laverie;;(problème OPC/capteur bascule C5);1 - Critique;1 - Entreprise;1 - Critique;incident;jabli@p2o5;29/05/2015 07:54;30/05/2015 10:37
IM132128;incident;closed;Closed;Gantour OPM - Instrumentistes Calcination-Séchage;;OPM Laverie;1 - Critique;1 - Entreprise;1 - Critique;incident;jabli@p2o5;29/05/2015 08:03;30/05/2015 10:37
IM132136;incident;closed;Closed;Benguerir - OCP;;Ordinateur en arrêt;2 - Élevée;4 - Utilisateur;3 - Moyenne;incident;elhajjam@p2o5;29/05/2015 08:16;29/05/2015 09:05
IM132148;incident;closed;Closed;Gantour OPM - fonctionnels;;blocage  OPM;1 - Critique;1 - Entreprise;1 - Critique;incident;jabli@p2o5;29/05/2015 08:34;30/05/2015 10:40
IM132153;incident;closed;Closed;Benguerir - Maintenance technique OCP;serhani@p2o5;ecran en defaut;2 - Élevée;4 - Utilisateur;3 - Moyenne;incident;elhajjam@p2o5;29/05/2015 08:39;29/06/2015 14:34
IM132157;incident;closed;Closed;Gantour OPM - Instrumentistes Bouchane-Mzinda;;Problème OPM;1 - Critique;1 - Entreprise;1 - Critique;incident;jabli@p2o5;29/05/2015 08:46;30/05/2015 10:39
IM132187;request fulfilment;closed;Closed;Benguerir - Maintenance technique OCP;;Mise en place de l'infrastructure télephonique;2 - Élevée;3 - Utilisateurs multiples;3 - Moyenne;request fulfilment;jabli@p2o5;29/05/2015 10:05;18/06/2015 10:10
IM132218;request fulfilment;closed;Closed;Youssoufia -OCP;jabli@p2o5;Activation de session;2 - Élevée;4 - Utilisateur;3 - Moyenne;request fulfilment;jabli@p2o5;29/05/2015 11:55;29/05/2015 14:25
IM132224;request fulfilment;closed;Closed;Benguerir - OCP;;Demande de création de compte session et messagerie;2 - Élevée;4 - Utilisateur;3 - Moyenne;request fulfilment;elhajjam@p2o5;29/05/2015 13:35;29/05/2015 14:35
IM132227;request fulfilment;closed;Closed;Youssoufia -OCP;jabli@p2o5;création de compte NT;2 - Élevée;4 - Utilisateur;3 - Moyenne;request fulfilment;jabli@p2o5;29/05/2015 13:42;29/05/2015 14:51
IM132262;request fulfilment;closed;Closed;Youssoufia -OCP;;demande de reinitialisation mot de passe oracle;2 - Élevée;4 - Utilisateur;3 - Moyenne;request fulfilment;jabli@p2o5;01/06/2015 07:15;01/06/2015 07:38
IM132286;request fulfilment;closed;Closed;Youssoufia -OCP;serhani@p2o5;Desactivation compte et BAL;1 - Critique;1 - Entreprise;1 - Critique;request fulfilment;serhani@p2o5;01/06/2015 08:15;01/06/2015 16:35
IM132288;request fulfilment;closed;Closed;Benguerir - Maintenance technique OCP;;prise de réseau;2 - Élevée;4 - Utilisateur;3 - Moyenne;request fulfilment;elhajjam@p2o5;01/06/2015 08:21;02/06/2015 09:42
IM132300;request fulfilment;closed;Closed;Youssoufia -OCP;;Génération mot de passe PGP (arbaoui);2 - Élevée;4 - Utilisateur;3 - Moyenne;request fulfilment;jabli@p2o5;01/06/2015 08:31;01/06/2015 08:58
IM132323;incident;closed;Closed;Gantour OPM - fonctionnels;nafea@p2o5;problme opm;2 - Élevée;4 - Utilisateur;3 - Moyenne;incident;nafea@p2o5;01/06/2015 09:04;11/06/2015 14:41
IM132324;request fulfilment;closed;Closed;Benguerir - OCP;;Oubli de mot de passe de la session;2 - Élevée;4 - Utilisateur;3 - Moyenne;request fulfilment;jabli@p2o5;01/06/2015 09:04;01/06/2015 09:40
IM132328;request fulfilment;closed;Closed;Benguerir - OCP;;REINITIALISATION MOT DE PASSE ORACLE;2 - Élevée;4 - Utilisateur;3 - Moyenne;request fulfilment;jabli@p2o5;01/06/2015 09:14;01/06/2015 09:48
IM132462;request fulfilment;closed;Closed;Benguerir - OCP;;DEMANDE SESSION+MESSAGERIE;2 - Élevée;4 - Utilisateur;3 - Moyenne;request fulfilment;elhajjam@p2o5;01/06/2015 16:20;02/06/2015 07:46
IM132471;incident;closed;Closed;Benguerir - OCP - Infra. Réseau;;pas d'accès réseau;2 - Élevée;3 - Utilisateurs multiples;2 - Élevée;incident;jabli@p2o5;02/06/2015 06:17;02/06/2015 06:22
IM132502;incident;closed;Closed;Benguerir - Maintenance technique OCP;serhani@p2o5;problème matériel au niveau du disque dur du poste.;2 - Élevée;4 - Utilisateur;3 - Moyenne;request fulfilment;serhani@p2o5;02/06/2015 08:22;09/06/2015 16:35
IM132520;incident;updated;Accepted;Benguerir - Maintenance technique OCP;serhani@p2o5;Bonjour. L'imprimante HP LASER JET  P3015 Fait des bruits;2 - Élevée;4 - Utilisateur;3 - Moyenne;incident;;02/06/2015 08:39;
IM132632;request fulfilment;closed;Closed;Youssoufia -OCP;jabli@p2o5;Configuration d'un Poste;2 - Élevée;4 - Utilisateur;3 - Moyenne;request fulfilment;jabli@p2o5;02/06/2015 13:58;02/06/2015 14:15
IM132681;request fulfilment;closed;Closed;Benguerir - OCP;;Réinitialisation Mot de passe oracle;2 - Élevée;4 - Utilisateur;3 - Moyenne;request fulfilment;jabli@p2o5;03/06/2015 06:51;03/06/2015 07:02
IM132800;request fulfilment;closed;Closed;Youssoufia -OCP;jabli@p2o5;Demande de renitialisation MP oracle;2 - Élevée;4 - Utilisateur;3 - Moyenne;request fulfilment;jabli@p2o5;03/06/2015 14:39;03/06/2015 15:09
IM132814;request fulfilment;closed;Closed;Youssoufia -OCP;jabli@p2o5; reinitialisation de mot de passe oracle;2 - Élevée;4 - Utilisateur;3 - Moyenne;request fulfilment;jabli@p2o5;03/06/2015 15:24;03/06/2015 15:55
IM132817;request fulfilment;closed;Closed;Youssoufia -OCP;jabli@p2o5;Demande d'accès à un site sharepoint;2 - Élevée;4 - Utilisateur;3 - Moyenne;request fulfilment;jabli@p2o5;03/06/2015 15:50;03/06/2015 15:56
IM132820;request fulfilment;closed;Closed;Youssoufia -OCP;jabli@p2o5;déplacement du poste PDELL-1JGBP4;2 - Élevée;4 - Utilisateur;3 - Moyenne;request fulfilment;jabli@p2o5;03/06/2015 16:10;04/06/2015 07:06
IM132821;request fulfilment;closed;Closed;Youssoufia -OCP;jabli@p2o5;reinitialisation du mot de passe PGP;2 - Élevée;4 - Utilisateur;3 - Moyenne;request fulfilment;jabli@p2o5;03/06/2015 16:11;04/06/2015 06:55
IM132824;request fulfilment;closed;Closed;Youssoufia -OCP;jabli@p2o5;Réinitialisation Mot de passe oracle;2 - Élevée;4 - Utilisateur;3 - Moyenne;request fulfilment;jabli@p2o5;04/06/2015 06:46;04/06/2015 06:54
IM132865;request fulfilment;closed;Closed;Youssoufia -OCP;;demande de reinitialisation mot de passe oracle;2 - Élevée;4 - Utilisateur;3 - Moyenne;request fulfilment;jabli@p2o5;04/06/2015 08:46;04/06/2015 11:13
IM132900;request fulfilment;closed;Closed;Benguerir - OCP - Infra. Réseau;;Prise réseauinformatique;2 - Élevée;4 - Utilisateur;3 - Moyenne;request fulfilment;elhajjam@p2o5;04/06/2015 10:36;05/06/2015 11:04
IM132906;request fulfilment;closed;Closed;Youssoufia -OCP;;Création de compte NT sans messagerie;2 - Élevée;4 - Utilisateur;3 - Moyenne;request fulfilment;jabli@p2o5;04/06/2015 10:45;05/06/2015 10:38
IM132913;request fulfilment;closed;Closed;Youssoufia -OCP;;Création de compte NT sans messagerie;2 - Élevée;4 - Utilisateur;3 - Moyenne;request fulfilment;hafed@p2o5;04/06/2015 11:37;04/06/2015 11:39
IM132914;request fulfilment;closed;Closed;Youssoufia -OCP;;Création de compte NT pour agents Extra;2 - Élevée;4 - Utilisateur;3 - Moyenne;request fulfilment;jabli@p2o5;04/06/2015 11:40;05/06/2015 10:39
IM132916;incident;closed;Closed;Gantour OPM - Instrumentistes Bouchane-Mzinda;LASLAMI@p2o5;pt-Bascule-Gantour-V1.4;1 - Critique;1 - Entreprise;1 - Critique;incident;LASLAMI@p2o5;04/06/2015 11:44;15/06/2015 07:42
IM132923;request fulfilment;closed;Closed;Benguerir - OCP;;Demande de reinitialisation du mot de passe session;2 - Élevée;4 - Utilisateur;3 - Moyenne;request fulfilment;jabli@p2o5;04/06/2015 13:29;04/06/2015 18:15
IM132929;request fulfilment;closed;Closed;Youssoufia -OCP;;Demande de sessions;2 - Élevée;4 - Utilisateur;3 - Moyenne;request fulfilment;elhajjam@p2o5;04/06/2015 13:47;05/06/2015 16:09
IM132936;incident;closed;Closed;Youssoufia - Maintenance technique OCP;;Probléme PC;2 - Élevée;4 - Utilisateur;3 - Moyenne;incident;jabli@p2o5;04/06/2015 14:04;10/06/2015 06:20
IM132943;request fulfilment;closed;Closed;Benguerir - OCP;;Demande de creation de 2 listes de distribution;2 - Élevée;4 - Utilisateur;3 - Moyenne;request fulfilment;elhajjam@p2o5;04/06/2015 14:35;05/06/2015 08:38
IM133022;request fulfilment;closed;Closed;Youssoufia -OCP;;demande de configuration du scan;2 - Élevée;4 - Utilisateur;3 - Moyenne;request fulfilment;jabli@p2o5;05/06/2015 09:50;10/06/2015 06:22
IM133043;request fulfilment;closed;Closed;Youssoufia -OCP;elhajjam@p2o5;phrase secrète PGP;2 - Élevée;4 - Utilisateur;3 - Moyenne;request fulfilment;elhajjam@p2o5;05/06/2015 10:55;05/06/2015 11:01
IM133078;request fulfilment;closed;Closed;Youssoufia -OCP;elhajjam@p2o5;Mot de passe Oracle perdu;2 - Élevée;4 - Utilisateur;3 - Moyenne;request fulfilment;elhajjam@p2o5;05/06/2015 15:02;11/06/2015 13:25
IM133116;incident;closed;Closed;Youssoufia -OCP;;vitesse trés lente du systeme GMAO pendant WEEK -END;2 - Élevée;4 - Utilisateur;3 - Moyenne;incident;jabli@p2o5;07/06/2015 15:02;08/06/2015 06:14
IM133125;request fulfilment;closed;Closed;Youssoufia -OCP;elhajjam@p2o5;Réinitialsiation Mot de passe session;2 - Élevée;4 - Utilisateur;3 - Moyenne;request fulfilment;elhajjam@p2o5;08/06/2015 07:17;08/06/2015 07:20
IM133130;request fulfilment;closed;Closed;Youssoufia -OCP;;mot de passe oublié;2 - Élevée;4 - Utilisateur;3 - Moyenne;request fulfilment;elhajjam@p2o5;08/06/2015 07:24;08/06/2015 07:31
IM133169;request fulfilment;closed;Closed;Youssoufia -OCP;elhajjam@p2o5;Réinitialisation mot de passe oracle;2 - Élevée;4 - Utilisateur;3 - Moyenne;request fulfilment;elhajjam@p2o5;08/06/2015 08:14;08/06/2015 08:25
IM133181;request fulfilment;closed;Closed;Benguerir - OCP;;Affichage dynamique de la production;2 - Élevée;2 - Site/Département;2 - Élevée;request fulfilment;jabli@p2o5;08/06/2015 08:32;08/06/2015 08:47
IM133187;request fulfilment;closed;Closed;Benguerir - OCP;;Affichage dynamique de la production;2 - Élevée;2 - Site/Département;2 - Élevée;request fulfilment;jabli@p2o5;08/06/2015 08:39;08/06/2015 08:46
IM133200;request fulfilment;closed;Closed;Benguerir - OCP;;Expiration du mot de passe oracle;2 - Élevée;4 - Utilisateur;3 - Moyenne;request fulfilment;elhajjam@p2o5;08/06/2015 08:59;08/06/2015 09:05
IM133259;request fulfilment;closed;Closed;Youssoufia -OCP;elhajjam@p2o5;Mise à jour de mes informations sur le carnet d'adresses OCP;2 - Élevée;4 - Utilisateur;3 - Moyenne;request fulfilment;elhajjam@p2o5;08/06/2015 10:39;08/06/2015 10:58
IM133265;request fulfilment;closed;Closed;Youssoufia -OCP;jabli@p2o5;blocage mot de passe PGP;2 - Élevée;4 - Utilisateur;3 - Moyenne;request fulfilment;jabli@p2o5;08/06/2015 10:42;08/06/2015 10:54
IM133267;request fulfilment;closed;Closed;Benguerir - OCP - Infra. Réseau;;manque réseau sur les 03 PC section budget d'investissement;2 - Élevée;4 - Utilisateur;3 - Moyenne;request fulfilment;elhajjam@p2o5;08/06/2015 10:48;08/06/2015 15:22
IM133279;incident;closed;Closed;Youssoufia -OCP;jabli@p2o5;Probleme lancement E-achat;2 - Élevée;4 - Utilisateur;3 - Moyenne;incident;jabli@p2o5;08/06/2015 12:55;12/06/2015 10:34
IM133289;request fulfilment;closed;Closed;Casa Production centrale ERP;;DONNEES – ERP : Reclamation concernant l'accés à oracle;2 - Élevée;4 - Utilisateur;3 - Moyenne;request fulfilment;Morad.Jimad@p2o5;08/06/2015 13:30;08/06/2015 18:02
IM133304;incident;closed;Closed;Casa Production centrale ERP;;Réseau intranet;2 - Élevée;4 - Utilisateur;3 - Moyenne;incident;benfatih@p2o5;08/06/2015 14:03;08/06/2015 15:00
IM133310;incident;closed;Closed;Youssoufia - Maintenance technique OCP;serhani@p2o5;problème de clavier;2 - Élevée;4 - Utilisateur;3 - Moyenne;incident;serhani@p2o5;08/06/2015 14:12;09/06/2015 16:25
IM133315;request fulfilment;closed;Closed;Youssoufia -OCP;elhajjam@p2o5;Demande de reinitialisation mot de passe Oracle;2 - Élevée;4 - Utilisateur;3 - Moyenne;request fulfilment;elhajjam@p2o5;08/06/2015 14:18;08/06/2015 16:38
IM133330;incident;closed;Closed;Casa Production centrale ERP;;echec d'ouverture de responsabilités sur oracle;2 - Élevée;4 - Utilisateur;3 - Moyenne;incident;Morad.Jimad@p2o5;08/06/2015 14:47;08/06/2015 18:01
IM133334;incident;closed;Closed;Youssoufia - Maintenance technique OCP;serhani@p2o5;la souris ne marche pas;2 - Élevée;4 - Utilisateur;3 - Moyenne;incident;serhani@p2o5;08/06/2015 14:51;25/06/2015 11:34
IM133375;incident;closed;Closed;Youssoufia -OCP;jabli@p2o5;Echec d'accés aux responsabilites oracle;2 - Élevée;4 - Utilisateur;3 - Moyenne;incident;jabli@p2o5;09/06/2015 07:14;09/06/2015 16:14
IM133397;incident;closed;Closed;Youssoufia - Maintenance technique OCP;serhani@p2o5;konica C25 n'imprime Pas;2 - Élevée;4 - Utilisateur;3 - Moyenne;incident;serhani@p2o5;09/06/2015 08:04;12/06/2015 10:48
IM133406;request fulfilment;closed;Closed;Benguerir - OCP;;Phrase secrete PGP;2 - Élevée;4 - Utilisateur;3 - Moyenne;request fulfilment;elhajjam@p2o5;09/06/2015 08:19;09/06/2015 08:25
IM133408;request fulfilment;closed;Closed;Benguerir - OCP - Infra. Réseau;; ADSL foyer  Benguerir;2 - Élevée;4 - Utilisateur;3 - Moyenne;request fulfilment;elhajjam@p2o5;09/06/2015 08:20;09/06/2015 08:26
IM133411;incident;closed;Closed;Benguerir - OCP;;Dysfoncionnement d'outlook;2 - Élevée;4 - Utilisateur;3 - Moyenne;incident;elhajjam@p2o5;09/06/2015 08:26;09/06/2015 08:39
IM133419;request fulfilment;closed;Closed;Benguerir - OCP;;mot de passe oracle;2 - Élevée;4 - Utilisateur;3 - Moyenne;request fulfilment;elhajjam@p2o5;09/06/2015 08:42;09/06/2015 10:25
IM133430;incident;closed;Closed;Casa Production Exploitation Applicative;chaifar@p2o5;"•	DONNEES – ERP : relance paie";2 - Élevée;4 - Utilisateur;3 - Moyenne;request fulfilment;chaifar@p2o5;09/06/2015 08:57;09/06/2015 09:48
IM133474;request fulfilment;closed;Closed;Youssoufia -OCP;;demande de reinitialisation mot de passe session;2 - Élevée;4 - Utilisateur;3 - Moyenne;request fulfilment;Alaeddine.gomri@p2o5;09/06/2015 09:57;10/06/2015 08:42
IM133476;incident;closed;Closed;Casa Production Exploitation Applicative;chaifar@p2o5;données -ERP : relance paie 2qz-05-2015;2 - Élevée;4 - Utilisateur;3 - Moyenne;request fulfilment;chaifar@p2o5;09/06/2015 10:04;10/06/2015 08:16
IM133586;request fulfilment;closed;Closed;Youssoufia -OCP;elhajjam@p2o5;Demande reinitialisation mot de passe oracle;2 - Élevée;4 - Utilisateur;3 - Moyenne;request fulfilment;elhajjam@p2o5;09/06/2015 13:33;09/06/2015 13:37
IM133628;request fulfilment;closed;Closed;Casa Production Exploitation Applicative;chaifar@p2o5;"•	DONNEES – ERP :  FV PAIE 2Q MAI 2015";2 - Élevée;4 - Utilisateur;3 - Moyenne;request fulfilment;chaifar@p2o5;09/06/2015 14:22;10/06/2015 08:18
IM133631;incident;closed;Closed;Youssoufia -OCP;jabli@p2o5;pertutrabation Oracle et eACHAT;2 - Élevée;4 - Utilisateur;3 - Moyenne;incident;jabli@p2o5;09/06/2015 14:37;15/06/2015 10:44
IM133655;request fulfilment;closed;Closed;Benguerir - OCP - Infra. Réseau;;Salle informatique  IPSE Benguerir;2 - Élevée;4 - Utilisateur;3 - Moyenne;request fulfilment;elhajjam@p2o5;09/06/2015 15:28;09/06/2015 15:57
IM133668;request fulfilment;closed;Closed;Casa Production Exploitation Applicative;chaifar@p2o5;Données ERP : FV 2ème -QZ-05-2015;2 - Élevée;4 - Utilisateur;3 - Moyenne;request fulfilment;chaifar@p2o5;09/06/2015 16:19;10/06/2015 08:17
IM133682;incident;closed;Closed;Youssoufia -OCP - Infra. Réseau;el habhoub@p2o5;Echec d'accés au reseau;2 - Élevée;3 - Utilisateurs multiples;3 - Moyenne;incident;el habhoub@p2o5;10/06/2015 06:56;12/06/2015 15:22
IM133706;incident;closed;Closed;Youssoufia -OCP - Infra. Réseau;lahlali@p2o5;probleme d'acces à l'internet à la salle du cours d'anglais;2 - Élevée;4 - Utilisateur;3 - Moyenne;incident;jabli@p2o5;10/06/2015 08:12;11/06/2015 09:47
IM133726;incident;closed;Closed;Youssoufia -OCP - Infra. Réseau;el habhoub@p2o5;Echec accès réseaux;2 - Élevée;3 - Utilisateurs multiples;3 - Moyenne;incident;jabli@p2o5;10/06/2015 08:47;10/06/2015 13:51
IM133732;request fulfilment;closed;Closed;Benguerir - OCP - Infra. Réseau;;CONNEXION RESEAU;2 - Élevée;4 - Utilisateur;3 - Moyenne;request fulfilment;elhajjam@p2o5;10/06/2015 09:01;16/06/2015 10:55
IM133750;incident;closed;Closed;Youssoufia -OCP;jabli@p2o5;Probleme d'execution des requetes ORACLE;2 - Élevée;4 - Utilisateur;3 - Moyenne;incident;jabli@p2o5;10/06/2015 09:48;10/06/2015 16:56
IM133766;incident;closed;Closed;Youssoufia -OCP - Infra. Réseau;;echec de connexion au reseau local;2 - Élevée;4 - Utilisateur;3 - Moyenne;incident;jabli@p2o5;10/06/2015 10:25;10/06/2015 13:50
IM133824;request fulfilment;closed;Closed;Benguerir - OCP;;Migration compte NT;2 - Élevée;4 - Utilisateur;3 - Moyenne;request fulfilment;jabli@p2o5;10/06/2015 13:22;10/06/2015 13:48
IM133846;request fulfilment;closed;Closed;Benguerir - OCP;;OUVERTURE SESSION ET COMPTE MESSAGERIE;2 - Élevée;4 - Utilisateur;3 - Moyenne;request fulfilment;elhajjam@p2o5;10/06/2015 13:42;10/06/2015 15:08
IM133850;incident;closed;Closed;Youssoufia -OCP - Infra. Réseau;;Reseau hors service;1 - Critique;1 - Entreprise;1 - Critique;incident;jabli@p2o5;10/06/2015 13:49;11/06/2015 09:48
IM133879;request fulfilment;closed;Closed;Benguerir - OCP;;Demande de réinitialisation de mot de passe session;2 - Élevée;4 - Utilisateur;3 - Moyenne;request fulfilment;elhajjam@p2o5;10/06/2015 14:55;10/06/2015 15:05
IM133898;incident;closed;Closed;Youssoufia -OCP;jabli@p2o5;blocage TCO dans e-achat;2 - Élevée;4 - Utilisateur;3 - Moyenne;incident;jabli@p2o5;10/06/2015 16:11;12/06/2015 10:38
IM133948;incident;closed;Closed;Casa Production Exploitation Applicative;belali@darbaida;donnée ERP: relance LSF;2 - Élevée;4 - Utilisateur;3 - Moyenne;request fulfilment;chaifar@p2o5;11/06/2015 08:31;11/06/2015 13:37
IM134016;incident;closed;Closed;Youssoufia -OCP;jabli@p2o5;JAVA;2 - Élevée;4 - Utilisateur;3 - Moyenne;incident;jabli@p2o5;11/06/2015 10:22;11/06/2015 13:27
IM134072;incident;closed;Closed;Youssoufia -OCP - Infra. Réseau;jabli@p2o5;Dysfonctionnement Badgeuse;2 - Élevée;4 - Utilisateur;3 - Moyenne;incident;jabli@p2o5;11/06/2015 14:26;12/06/2015 09:16
IM134074;request fulfilment;closed;Closed;Casa Production centrale ERP;;mot de passe GMAO expiré ID : CHIKHAOUI.49924;2 - Élevée;4 - Utilisateur;3 - Moyenne;request fulfilment;benfatih@p2o5;11/06/2015 14:35;15/06/2015 16:56
IM134098;incident;closed;Closed;Benguerir - OCP;;Echec d'acces a la session;1 - Critique;1 - Entreprise;1 - Critique;incident;elhajjam@p2o5;11/06/2015 16:13;11/06/2015 16:58
IM134119;request fulfilment;closed;Closed;Benguerir - OCP;;réinitialisation mot de passe du session;2 - Élevée;4 - Utilisateur;3 - Moyenne;request fulfilment;wissam.seghir@p2o5;12/06/2015 06:20;12/06/2015 06:31
IM134123;incident;closed;Closed;Gantour OPM - fonctionnels;;Manque connexion au page saisi criblage et chargement;1 - Critique;1 - Entreprise;1 - Critique;incident;LASLAMI@p2o5;12/06/2015 07:06;15/06/2015 07:37
IM134144;incident;closed;Closed;Youssoufia - Maintenance technique OCP;jabli@p2o5;OPM - PB injoignable;1 - Critique;2 - Site/Département;1 - Critique;incident;jabli@p2o5;12/06/2015 08:13;12/06/2015 08:14
IM134151;incident;closed;Closed;Youssoufia -OCP - Infra. Réseau;el habhoub@p2o5;echec de connexion au reseau local;2 - Élevée;4 - Utilisateur;3 - Moyenne;incident;el habhoub@p2o5;12/06/2015 08:34;12/06/2015 15:32
IM134178;request fulfilment;closed;Closed;Youssoufia -OCP - Infra. Réseau;jabli@p2o5;BRASSAGE;2 - Élevée;4 - Utilisateur;3 - Moyenne;request fulfilment;jabli@p2o5;12/06/2015 09:33;15/06/2015 15:40
IM134225;request fulfilment;closed;Closed;Benguerir - OCP;;Augmentation de la taille des messages sortants.;2 - Élevée;4 - Utilisateur;3 - Moyenne;request fulfilment;elhajjam@p2o5;12/06/2015 13:40;12/06/2015 15:12
IM134227;request fulfilment;closed;Closed;Youssoufia -OCP;serhani@p2o5;augmenter la capacité de stockage de la BAL;2 - Élevée;4 - Utilisateur;3 - Moyenne;request fulfilment;serhani@p2o5;12/06/2015 13:41;12/06/2015 15:38
IM134249;request fulfilment;closed;Closed;Benguerir - OCP;;demande de reinitialisation mot de passe session;2 - Élevée;4 - Utilisateur;3 - Moyenne;request fulfilment;elhajjam@p2o5;12/06/2015 14:57;12/06/2015 15:22
IM134258;request fulfilment;closed;Closed;Youssoufia -OCP - Infra. Réseau;jabli@p2o5;brassage du poste de M ABDOUS dans un autre armoire;2 - Élevée;4 - Utilisateur;3 - Moyenne;request fulfilment;jabli@p2o5;12/06/2015 15:19;12/06/2015 15:37
IM134262;request fulfilment;closed;Closed;Youssoufia -OCP - Infra. Réseau;jabli@p2o5;Brassage du poste dans le nvl armoire geologie Pour M EHLALI;2 - Élevée;4 - Utilisateur;3 - Moyenne;request fulfilment;jabli@p2o5;12/06/2015 15:25;12/06/2015 15:37
IM134280;incident;updated;Accepted;Youssoufia - Maintenance technique OCP;serhani@p2o5;affichage défectueux;2 - Élevée;4 - Utilisateur;3 - Moyenne;incident;;12/06/2015 17:59;
IM134281;request fulfilment;closed;Closed;Youssoufia -OCP;lahlali@p2o5;Mise en place du réseau informatique interne;2 - Élevée;4 - Utilisateur;3 - Moyenne;request fulfilment;jabli@p2o5;12/06/2015 18:08;15/06/2015 09:48
IM134287;request fulfilment;closed;Closed;Youssoufia -OCP;elhajjam@p2o5; changement de l'heure du serveur  OPC Chargement / Décharge;2 - Élevée;4 - Utilisateur;3 - Moyenne;request fulfilment;elhajjam@p2o5;14/06/2015 14:04;14/06/2015 14:18
IM134288;request fulfilment;closed;Closed;Youssoufia -OCP;elhajjam@p2o5;Changement l'heure systeme OPC Usine de Bouchane;2 - Élevée;4 - Utilisateur;3 - Moyenne;request fulfilment;elhajjam@p2o5;14/06/2015 14:04;14/06/2015 14:19
IM134289;request fulfilment;closed;Closed;Youssoufia -OCP;elhajjam@p2o5;changement de l'heure systeme du serveur OPC Usine Mzinda;2 - Élevée;4 - Utilisateur;3 - Moyenne;request fulfilment;elhajjam@p2o5;14/06/2015 14:05;14/06/2015 14:19
IM134290;request fulfilment;closed;Closed;Benguerir - OCP;;Changement l'heure systeme OPC Usine de Benguerir;2 - Élevée;4 - Utilisateur;3 - Moyenne;request fulfilment;elhajjam@p2o5;14/06/2015 14:05;14/06/2015 14:23
IM134291;request fulfilment;closed;Closed;Youssoufia -OCP;elhajjam@p2o5; changement de l'heure du serveur  OPC Calcination;2 - Élevée;4 - Utilisateur;3 - Moyenne;request fulfilment;elhajjam@p2o5;14/06/2015 14:06;14/06/2015 14:20
IM134292;request fulfilment;closed;Closed;Youssoufia -OCP;elhajjam@p2o5;changement de l'heure systeme du serveur OPC Atelier de lava;2 - Élevée;4 - Utilisateur;3 - Moyenne;request fulfilment;elhajjam@p2o5;14/06/2015 14:06;14/06/2015 14:21
IM134293;request fulfilment;closed;Closed;Youssoufia -OCP;elhajjam@p2o5; changement de l'heure serveur Atelier séchage Youssoufia;2 - Élevée;4 - Utilisateur;3 - Moyenne;request fulfilment;elhajjam@p2o5;14/06/2015 14:10;14/06/2015 14:21
IM134294;request fulfilment;closed;Closed;Youssoufia -OCP;elhajjam@p2o5; changement de l'heure du serveur  Atelier de lavage;2 - Élevée;4 - Utilisateur;3 - Moyenne;request fulfilment;elhajjam@p2o5;14/06/2015 14:11;14/06/2015 14:22
IM134295;request fulfilment;closed;Closed;Youssoufia -OCP;elhajjam@p2o5; changement de l'heure du serveur Déchargement laverie;2 - Élevée;4 - Utilisateur;3 - Moyenne;request fulfilment;elhajjam@p2o5;14/06/2015 14:11;14/06/2015 14:22
IM134296;request fulfilment;closed;Closed;Benguerir - OCP;; changement de l'heure du serveur Pont bascule Benguerir;2 - Élevée;4 - Utilisateur;3 - Moyenne;request fulfilment;elhajjam@p2o5;14/06/2015 14:12;14/06/2015 14:23
IM134297;request fulfilment;closed;Closed;Youssoufia -OCP;jabli@p2o5;mot de passe PGP;2 - Élevée;4 - Utilisateur;3 - Moyenne;request fulfilment;jabli@p2o5;15/06/2015 07:28;15/06/2015 07:44
IM134298;incident;closed;Closed;Youssoufia -OCP;jabli@p2o5;problème oracle;2 - Élevée;4 - Utilisateur;3 - Moyenne;incident;jabli@p2o5;15/06/2015 07:33;15/06/2015 17:13
IM134373;request fulfilment;closed;Closed;Youssoufia -OCP;jabli@p2o5;demande de creation de session;2 - Élevée;4 - Utilisateur;3 - Moyenne;request fulfilment;jabli@p2o5;15/06/2015 10:02;15/06/2015 15:54
IM134419;request fulfilment;closed;Closed;Benguerir - OCP;;Reinitialisation Passe Oracle;2 - Élevée;4 - Utilisateur;3 - Moyenne;request fulfilment;elhajjam@p2o5;15/06/2015 11:16;15/06/2015 14:38
IM134434;request fulfilment;closed;Closed;Youssoufia -OCP;jabli@p2o5;demande de reinitialisation mot de passe oracle;2 - Élevée;4 - Utilisateur;3 - Moyenne;request fulfilment;jabli@p2o5;15/06/2015 11:47;15/06/2015 14:13
IM134464;request fulfilment;closed;Closed;Youssoufia -OCP;jabli@p2o5;Réinitialisation mot de passe Oracle;2 - Élevée;4 - Utilisateur;3 - Moyenne;request fulfilment;jabli@p2o5;15/06/2015 13:57;15/06/2015 14:15
IM134469;request fulfilment;closed;Closed;Benguerir - OCP;;Réinitialsiation Mot de passe session;2 - Élevée;4 - Utilisateur;3 - Moyenne;request fulfilment;elhajjam@p2o5;15/06/2015 14:31;15/06/2015 14:38
IM134471;request fulfilment;closed;Closed;Benguerir - OCP;;Demande de  reinitialisation du mot de passe session;2 - Élevée;4 - Utilisateur;3 - Moyenne;request fulfilment;jabli@p2o5;15/06/2015 14:39;15/06/2015 15:04
IM134513;request fulfilment;closed;Closed;Benguerir - Maintenance technique OCP;;installation prise réseau;2 - Élevée;4 - Utilisateur;3 - Moyenne;request fulfilment;jabli@p2o5;15/06/2015 16:52;18/06/2015 10:16
IM134565;request fulfilment;closed;Closed;Youssoufia -OCP;jabli@p2o5;reinitialisation de mot de passe oracle;2 - Élevée;4 - Utilisateur;3 - Moyenne;request fulfilment;jabli@p2o5;16/06/2015 09:12;16/06/2015 09:15
IM134597;incident;closed;Closed;Benguerir - OCP - Infra. Réseau;;PROBLEME DE RESEAU DU POSTE DE Mr CAMMACH;2 - Élevée;4 - Utilisateur;3 - Moyenne;incident;elhajjam@p2o5;16/06/2015 10:02;29/06/2015 14:28
IM134630;incident;closed;Closed;Youssoufia - Maintenance technique OCP;serhani@p2o5;Installation d'une nouvelle imprimante.;2 - Élevée;4 - Utilisateur;3 - Moyenne;request fulfilment;jabli@p2o5;16/06/2015 11:10;30/06/2015 11:17
IM134631;request fulfilment;closed;Closed;Youssoufia -OCP;;Demande reinitialisation mot de passe oracle;2 - Élevée;4 - Utilisateur;3 - Moyenne;request fulfilment;jabli@p2o5;16/06/2015 11:11;16/06/2015 11:26
IM134646;incident;closed;Closed;Benguerir - OCP;;problème d'acces oracle;2 - Élevée;4 - Utilisateur;3 - Moyenne;incident;elhajjam@p2o5;16/06/2015 11:46;16/06/2015 14:14
IM134650;incident;updated;Accepted;Youssoufia - Maintenance technique OCP;el habhoub@p2o5;Problèmé au niveau du cable raiseau;2 - Élevée;4 - Utilisateur;3 - Moyenne;incident;;16/06/2015 12:00;
IM134758;incident;closed;Closed;Youssoufia -OCP - Infra. Réseau;jabli@p2o5;panne réseau de badgeuse;2 - Élevée;4 - Utilisateur;3 - Moyenne;incident;jabli@p2o5;17/06/2015 08:32;17/06/2015 10:38
IM134867;request fulfilment;closed;Closed;Benguerir - OCP;;mot de passe oracle;2 - Élevée;4 - Utilisateur;3 - Moyenne;request fulfilment;elhajjam@p2o5;17/06/2015 11:49;17/06/2015 14:08
IM134901;request fulfilment;closed;Closed;Youssoufia -OCP;jabli@p2o5;brassage de M jammoula au nouveau local geologie youssoufia;2 - Élevée;4 - Utilisateur;3 - Moyenne;request fulfilment;jabli@p2o5;17/06/2015 14:20;17/06/2015 14:25
IM134905;request fulfilment;closed;Closed;Youssoufia -OCP;jabli@p2o5;brassage de M EHLALI au nouveau local geologie youssoufia;2 - Élevée;4 - Utilisateur;3 - Moyenne;request fulfilment;jabli@p2o5;17/06/2015 14:22;17/06/2015 14:25
IM134912;request fulfilment;closed;Closed;Youssoufia -OCP;jabli@p2o5;brassage de M FADLI au nouveau local geologie youssoufia;2 - Élevée;4 - Utilisateur;3 - Moyenne;request fulfilment;jabli@p2o5;17/06/2015 14:23;17/06/2015 14:24
IM134913;request fulfilment;closed;Closed;Youssoufia -OCP;jabli@p2o5;brassage de M tahri au nouveau local geologie youssoufia;2 - Élevée;4 - Utilisateur;3 - Moyenne;request fulfilment;jabli@p2o5;17/06/2015 14:25;17/06/2015 14:39
IM134914;request fulfilment;closed;Closed;Youssoufia -OCP;jabli@p2o5;brassage de M elmeskaouiau nouveau local geologie youssoufia;2 - Élevée;4 - Utilisateur;3 - Moyenne;request fulfilment;jabli@p2o5;17/06/2015 14:26;17/06/2015 14:40
IM134915;request fulfilment;closed;Closed;Youssoufia -OCP;jabli@p2o5;brassage de M atif au nouveau local geologie youssoufia;2 - Élevée;4 - Utilisateur;3 - Moyenne;request fulfilment;jabli@p2o5;17/06/2015 14:27;17/06/2015 14:41
IM134916;request fulfilment;closed;Closed;Youssoufia -OCP;jabli@p2o5;brassage de M alahiane au nouveau local geologie youssoufia;2 - Élevée;4 - Utilisateur;3 - Moyenne;request fulfilment;jabli@p2o5;17/06/2015 14:28;17/06/2015 14:42
IM134919;request fulfilment;closed;Closed;Benguerir - Maintenance technique OCP;;Réaménagement installation réseau informatique;2 - Élevée;4 - Utilisateur;3 - Moyenne;request fulfilment;jabli@p2o5;17/06/2015 14:30;18/06/2015 10:21
IM134954;request fulfilment;closed;Closed;Benguerir - Maintenance technique OCP;;Installation et raccordement reseau informatique;2 - Élevée;4 - Utilisateur;3 - Moyenne;request fulfilment;elhajjam@p2o5;17/06/2015 15:10;17/06/2015 15:24
IM134970;request fulfilment;closed;Closed;Youssoufia -OCP;jabli@p2o5;Changement N° de telephone.;2 - Élevée;4 - Utilisateur;3 - Moyenne;request fulfilment;jabli@p2o5;17/06/2015 15:56;17/06/2015 16:09
IM135041;incident;closed;Closed;Youssoufia -OCP;jabli@p2o5;OPM - Pont de bascule Mzinda down;1 - Critique;1 - Entreprise;1 - Critique;incident;jabli@p2o5;18/06/2015 10:10;20/06/2015 17:23
IM135054;incident;updated;Accepted;Benguerir - Maintenance technique OCP;serhani@p2o5;faible autonomie batterie;2 - Élevée;4 - Utilisateur;3 - Moyenne;incident;;18/06/2015 10:51;
IM135059;request fulfilment;closed;Closed;Benguerir - OCP;;Mot de passe oracle;2 - Élevée;4 - Utilisateur;3 - Moyenne;request fulfilment;elhajjam@p2o5;18/06/2015 10:58;18/06/2015 11:03
IM135114;request fulfilment;closed;Closed;Youssoufia -OCP;jabli@p2o5;mot de passe ORALE;2 - Élevée;4 - Utilisateur;3 - Moyenne;request fulfilment;jabli@p2o5;18/06/2015 13:48;18/06/2015 14:59
IM135137;request fulfilment;closed;Closed;Youssoufia -OCP;jabli@p2o5;Numéro de téléphone;2 - Élevée;4 - Utilisateur;3 - Moyenne;request fulfilment;jabli@p2o5;18/06/2015 15:15;19/06/2015 08:50
IM135139;request fulfilment;closed;Closed;Benguerir - OCP;;Demande de réinitialisation de la phrase secrète PGP;2 - Élevée;4 - Utilisateur;3 - Moyenne;request fulfilment;elhajjam@p2o5;18/06/2015 15:23;18/06/2015 15:32
IM135147;incident;updated;Accepted;Youssoufia - Maintenance technique OCP;serhani@p2o5;Erreur imprimante Konica C25;2 - Élevée;4 - Utilisateur;3 - Moyenne;incident;;18/06/2015 15:46;
IM135148;request fulfilment;closed;Closed;Casa Production centrale ERP;;demande de reinitialisation mot de passe oracle GCM;2 - Élevée;4 - Utilisateur;3 - Moyenne;request fulfilment;benfatih@p2o5;18/06/2015 15:52;22/06/2015 12:10
IM135162;incident;closed;Closed;Gantour OPM - fonctionnels;;BLOCAGE DE COMPTE OPM;1 - Critique;1 - Entreprise;1 - Critique;incident;jabli@p2o5;19/06/2015 09:22;01/07/2015 11:21
IM135164;request fulfilment;closed;Closed;Youssoufia -OCP;jabli@p2o5; réinitialisation mot de passe Oracle pour M. SAOUD MUSTAPHA (53717);2 - Élevée;4 - Utilisateur;3 - Moyenne;request fulfilment;jabli@p2o5;19/06/2015 09:29;19/06/2015 09:39
IM135166;request fulfilment;closed;Closed;Youssoufia -OCP;elhajjam@p2o5; réinitialisation mot de passe Oracle;2 - Élevée;4 - Utilisateur;3 - Moyenne;request fulfilment;elhajjam@p2o5;19/06/2015 09:30;19/06/2015 09:35
IM135173;request fulfilment;closed;Closed;Youssoufia -OCP;jabli@p2o5;Mot de passe oublier;2 - Élevée;4 - Utilisateur;3 - Moyenne;request fulfilment;jabli@p2o5;19/06/2015 09:37;02/07/2015 09:11
IM135191;incident;closed;Closed;Casa Production Exploitation Applicative;chaifar@p2o5;DONNEES – ERP : paie tamca juin 2015;2 - Élevée;4 - Utilisateur;3 - Moyenne;request fulfilment;chaifar@p2o5;19/06/2015 10:16;22/06/2015 11:16
IM135271;request fulfilment;closed;Closed;Youssoufia -OCP;jabli@p2o5;initialisation MP oRACLE;2 - Élevée;4 - Utilisateur;3 - Moyenne;request fulfilment;jabli@p2o5;19/06/2015 14:04;19/06/2015 14:25
IM135304;incident;closed;Closed;Youssoufia -OCP;;OPM - Pont de bascule déchargement bouchane down.;1 - Critique;1 - Entreprise;1 - Critique;incident;elhajjam@p2o5;21/06/2015 11:39;23/06/2015 10:34
IM135326;request fulfilment;closed;Closed;Benguerir - OCP;;Réinitialisation Mot de passe oracle;2 - Élevée;4 - Utilisateur;3 - Moyenne;request fulfilment;elhajjam@p2o5;22/06/2015 09:20;22/06/2015 10:02
IM135382;incident;open;Open;Gantour OPM - fonctionnels;;blocage de opm;1 - Critique;1 - Entreprise;1 - Critique;incident;;22/06/2015 10:08;
IM135394;request fulfilment;closed;Closed;Benguerir - OCP - Infra. Réseau;;Activation du port réseau;2 - Élevée;4 - Utilisateur;3 - Moyenne;request fulfilment;elhajjam@p2o5;22/06/2015 10:24;22/06/2015 15:58
IM135402;incident;closed;Closed;Casa Production Exploitation Applicative;chaifar@p2o5;DONNEES – ERP  : demande de traitement de la paie definitive;2 - Élevée;4 - Utilisateur;3 - Moyenne;request fulfilment;chaifar@p2o5;22/06/2015 10:36;22/06/2015 11:57
IM135451;request fulfilment;closed;Closed;Benguerir - OCP;;demande de mise a jour des information sur l'AD;2 - Élevée;4 - Utilisateur;3 - Moyenne;request fulfilment;elhajjam@p2o5;22/06/2015 12:04;01/07/2015 15:07
IM135454;incident;closed;Closed;Benguerir - OCP - Infra. Réseau;;Echec d'accès au réseau;2 - Élevée;4 - Utilisateur;3 - Moyenne;incident;elhajjam@p2o5;22/06/2015 12:09;22/06/2015 16:00
IM135477;request fulfilment;closed;Closed;Casa Production Exploitation Applicative;belali@darbaida;Données ERP : FV de paie PM 06-2015.;2 - Élevée;4 - Utilisateur;3 - Moyenne;request fulfilment;chaifar@p2o5;22/06/2015 13:25;23/06/2015 10:33
IM135501;incident;closed;Closed;Casa Production Exploitation Applicative;chaifar@p2o5;DONNEES ERP : EXTRACTION DE LA PAIE TAMCA DEFINITIVE JIUN 15;2 - Élevée;4 - Utilisateur;3 - Moyenne;request fulfilment;chaifar@p2o5;22/06/2015 14:10;22/06/2015 14:45
IM135502;request fulfilment;closed;Closed;Benguerir - OCP;;Activation cession et compte outlook pour Mr MOUATASSIM;2 - Élevée;4 - Utilisateur;3 - Moyenne;request fulfilment;elhajjam@p2o5;22/06/2015 14:10;22/06/2015 15:07
IM135540;request fulfilment;closed;Closed;Casa Production Exploitation Applicative;belali@darbaida;DONNEES ERP: feu vert paie tamca juin 2015;2 - Élevée;4 - Utilisateur;3 - Moyenne;request fulfilment;chaifar@p2o5;22/06/2015 15:17;23/06/2015 10:34
IM135548;request fulfilment;closed;Closed;Youssoufia -OCP;;nombre des destinataires;2 - Élevée;4 - Utilisateur;3 - Moyenne;request fulfilment;elhajjam@p2o5;22/06/2015 15:42;22/06/2015 16:02
IM135550;request fulfilment;closed;Closed;Benguerir - OCP;;Demande d'augmentation du nombre de destinataires - OUTLOOK;2 - Élevée;4 - Utilisateur;3 - Moyenne;request fulfilment;elhajjam@p2o5;22/06/2015 15:48;22/06/2015 15:55
IM135596;request fulfilment;closed;Closed;Youssoufia -OCP;elhajjam@p2o5;mot de passe PGP;2 - Élevée;4 - Utilisateur;3 - Moyenne;request fulfilment;elhajjam@p2o5;23/06/2015 10:09;23/06/2015 10:50
IM135615;incident;updated;Accepted;Youssoufia -OCP;jabli@p2o5;Serveur  Pont de bascule recette 1 down;1 - Critique;1 - Entreprise;1 - Critique;incident;;23/06/2015 10:50;
IM135617;request fulfilment;closed;Closed;Youssoufia -OCP;elhajjam@p2o5;mot de passe session ocp expiré;2 - Élevée;4 - Utilisateur;3 - Moyenne;request fulfilment;elhajjam@p2o5;23/06/2015 10:51;23/06/2015 11:01
IM135693;request fulfilment;closed;Closed;Casa Production centrale ERP;;"demande de reinitialisation mot de passe oracle compte ""ELBAZ.JESA88""";2 - Élevée;4 - Utilisateur;3 - Moyenne;request fulfilment;Morad.Jimad@p2o5;23/06/2015 13:45;26/06/2015 14:56
IM135721;request fulfilment;closed;Closed;Casa Production Exploitation Applicative;belali@darbaida;"•	DONNEES – ERP : FV PAIE 1QZ JUIN 2015 pour chargement GNS";2 - Élevée;4 - Utilisateur;3 - Moyenne;request fulfilment;chaifar@p2o5;23/06/2015 14:40;24/06/2015 10:01
IM135730;request fulfilment;closed;Closed;Benguerir - OCP;;Demande de creation de session  windows et  une BAL;2 - Élevée;4 - Utilisateur;3 - Moyenne;request fulfilment;elhajjam@p2o5;23/06/2015 15:02;23/06/2015 15:13
IM135758;incident;updated;Accepted;Youssoufia - Maintenance technique OCP;serhani@p2o5;imprimante HP laser M4345 hors service;2 - Élevée;4 - Utilisateur;3 - Moyenne;incident;;23/06/2015 15:33;
IM135773;incident;updated;Accepted;Benguerir - Maintenance technique OCP;serhani@p2o5;Lecteur CD de mon pc portable ne fonctionne pas;2 - Élevée;4 - Utilisateur;3 - Moyenne;incident;;24/06/2015 08:42;
IM135797;incident;closed;Closed;Benguerir - OCP - Infra. Réseau;;Probleme de connexion au reseau;2 - Élevée;4 - Utilisateur;3 - Moyenne;incident;elhajjam@p2o5;24/06/2015 09:54;24/06/2015 14:50
IM135806;request fulfilment;closed;Closed;Youssoufia -OCP;elhajjam@p2o5;Reinitialisation du mot de passe de session;2 - Élevée;4 - Utilisateur;3 - Moyenne;request fulfilment;elhajjam@p2o5;24/06/2015 10:09;24/06/2015 10:27
IM135835;request fulfilment;closed;Closed;Casa Production Exploitation Applicative;;DONNEES ERP: disfonctionnement du outlook;2 - Élevée;4 - Utilisateur;3 - Moyenne;request fulfilment;chaifar@p2o5;24/06/2015 11:22;24/06/2015 11:43
IM135878;incident;closed;Closed;Benguerir - OCP;;Echec d acces a une page intranet;2 - Élevée;4 - Utilisateur;3 - Moyenne;incident;elhajjam@p2o5;24/06/2015 13:48;24/06/2015 15:43
IM135893;request fulfilment;closed;Closed;Casa Production Exploitation Applicative;belali@darbaida;Données ERP: FV   1ère qz-06-2015;2 - Élevée;4 - Utilisateur;3 - Moyenne;request fulfilment;chaifar@p2o5;24/06/2015 14:34;24/06/2015 15:18
IM135896;incident;closed;Closed;Benguerir - OCP - Infra. Réseau;;echec d'acces reseau OCP;2 - Élevée;4 - Utilisateur;3 - Moyenne;incident;elhajjam@p2o5;24/06/2015 14:37;25/06/2015 15:54
IM135898;request fulfilment;closed;Closed;Casa Production Exploitation Applicative;belali@darbaida;Données ERP : FV de la 1ère QZ 06-2015.;2 - Élevée;4 - Utilisateur;3 - Moyenne;request fulfilment;chaifar@p2o5;24/06/2015 14:42;24/06/2015 15:19
IM135900;incident;closed;Closed;Youssoufia -OCP;;GMAO: ERREUR DE JINITIATEUR  ORACLE;2 - Élevée;4 - Utilisateur;3 - Moyenne;incident;elhajjam@p2o5;24/06/2015 14:46;24/06/2015 15:44
IM135902;incident;closed;Closed;Benguerir - Maintenance technique OCP;;Défaut affichage écran PC;2 - Élevée;4 - Utilisateur;3 - Moyenne;incident;elhajjam@p2o5;24/06/2015 14:55;29/06/2015 14:24
IM135987;incident;closed;Closed;Benguerir - OCP - Infra. Réseau;;Echec de connexion au reseau;2 - Élevée;4 - Utilisateur;3 - Moyenne;incident;elhajjam@p2o5;25/06/2015 10:42;25/06/2015 15:53
IM136100;request fulfilment;closed;Closed;Youssoufia -OCP;jabli@p2o5;configutaion pour acceder eACHAT a distance;2 - Élevée;4 - Utilisateur;3 - Moyenne;request fulfilment;jabli@p2o5;25/06/2015 14:19;01/07/2015 13:44
IM136197;request fulfilment;closed;Closed;Casa Production Exploitation Applicative;chaifar@p2o5;Paramètrage des activités du concasseur;2 - Élevée;4 - Utilisateur;3 - Moyenne;request fulfilment;chaifar@p2o5;25/06/2015 16:37;30/06/2015 10:00
IM136223;request fulfilment;closed;Closed;Youssoufia -OCP;elhajjam@p2o5;Création nouveau compte session windows et Messagerie;2 - Élevée;4 - Utilisateur;3 - Moyenne;request fulfilment;elhajjam@p2o5;26/06/2015 10:00;26/06/2015 11:10
IM136257;request fulfilment;closed;Closed;Youssoufia -OCP;jabli@p2o5; Accès Share point;2 - Élevée;4 - Utilisateur;3 - Moyenne;request fulfilment;jabli@p2o5;26/06/2015 11:36;29/06/2015 09:36
IM136271;request fulfilment;closed;Closed;Benguerir - OCP;;Augmentation de la taille du Compte Messagerie;2 - Élevée;4 - Utilisateur;3 - Moyenne;request fulfilment;elhajjam@p2o5;26/06/2015 12:11;29/06/2015 12:49
IM136319;request fulfilment;closed;Closed;Benguerir - OCP;;adresse mésagerie annonyme;2 - Élevée;4 - Utilisateur;3 - Moyenne;request fulfilment;elhajjam@p2o5;26/06/2015 15:56;29/06/2015 09:16
IM136328;incident;closed;Closed;Youssoufia - Maintenance technique OCP;jabli@p2o5;Onduleurs Eaton modèle 9355-40;2 - Élevée;4 - Utilisateur;3 - Moyenne;incident;jabli@p2o5;28/06/2015 14:03;30/06/2015 11:07
IM136329;incident;updated;Accepted;Youssoufia -OCP;el habhoub@p2o5;Serveur controleur de domaine;2 - Élevée;4 - Utilisateur;3 - Moyenne;incident;;28/06/2015 14:04;
IM136400;incident;closed;Closed;Gantour OPM - fonctionnels;;PROBLEME SUR OPM NON AFFICHAGE LES DONNEE;1 - Critique;1 - Entreprise;1 - Critique;incident;jabli@p2o5;29/06/2015 07:17;01/07/2015 11:17
IM136401;incident;closed;Closed;Gantour OPM - fonctionnels;;Défaut affichage tonnage;1 - Critique;1 - Entreprise;1 - Critique;incident;jabli@p2o5;29/06/2015 08:03;01/07/2015 11:16
IM136425;request fulfilment;closed;Closed;Youssoufia -OCP;jabli@p2o5;Demande de reinitialisation mot de passe session;2 - Élevée;4 - Utilisateur;3 - Moyenne;request fulfilment;jabli@p2o5;29/06/2015 09:30;29/06/2015 09:34
IM136429;request fulfilment;closed;Closed;Benguerir - OCP;;Demande reinitialisation mot de passe oracle \ kouchtir adil;2 - Élevée;4 - Utilisateur;3 - Moyenne;request fulfilment;jabli@p2o5;29/06/2015 09:34;29/06/2015 10:09
IM136475;request fulfilment;closed;Closed;Youssoufia -OCP;jabli@p2o5;Phrase secrète PGP;2 - Élevée;4 - Utilisateur;3 - Moyenne;request fulfilment;jabli@p2o5;29/06/2015 10:45;29/06/2015 11:18
IM136537;incident;closed;Closed;Benguerir - OCP - Infra. Réseau;;Problème reseau;2 - Élevée;4 - Utilisateur;3 - Moyenne;incident;elhajjam@p2o5;29/06/2015 12:46;01/07/2015 14:38
IM136551;request fulfilment;closed;Closed;Benguerir - OCP;;REINITIALISATION MOTS DE PASSE;2 - Élevée;4 - Utilisateur;3 - Moyenne;request fulfilment;elhajjam@p2o5;29/06/2015 13:09;29/06/2015 14:27
IM136565;request fulfilment;closed;Closed;Benguerir - OCP;;Demande de transfert compte vers benguerir;2 - Élevée;4 - Utilisateur;3 - Moyenne;request fulfilment;elhajjam@p2o5;29/06/2015 13:35;30/06/2015 14:58
IM136595;request fulfilment;closed;Closed;Benguerir - OCP;;demande de reinitialisation mot de passe PGP;2 - Élevée;4 - Utilisateur;3 - Moyenne;request fulfilment;jabli@p2o5;29/06/2015 15:22;30/06/2015 09:19
IM136602;request fulfilment;closed;Closed;Youssoufia -OCP;jabli@p2o5;Demande de reinitialisation mot de passe session;2 - Élevée;4 - Utilisateur;3 - Moyenne;request fulfilment;jabli@p2o5;29/06/2015 15:32;30/06/2015 09:08
IM136615;incident;closed;Closed;Youssoufia -OCP;serhani@p2o5;PROBLEME SUR OPM NON AFFICHAGE LES DONNEE;1 - Critique;1 - Entreprise;1 - Critique;incident;jabli@p2o5;30/06/2015 08:15;30/06/2015 11:20
IM136632;incident;closed;Closed;Gantour OPM - Instrumentistes Calcination-Séchage;;PERTE DE DONNEES DE L'OPM;1 - Critique;1 - Entreprise;1 - Critique;incident;jabli@p2o5;30/06/2015 09:49;01/07/2015 11:19
IM136637;incident;closed;Closed;Gantour OPM - Instrumentistes Laverie;;problème CAPETUR OPC lors de la saisie OPM;1 - Critique;1 - Entreprise;1 - Critique;incident;jabli@p2o5;30/06/2015 10:00;01/07/2015 13:41
IM136656;incident;updated;Accepted;Benguerir - Maintenance technique OCP;serhani@p2o5;Bruit anormal et pb de démarrage du poste;2 - Élevée;4 - Utilisateur;3 - Moyenne;incident;;30/06/2015 11:02;
IM136663;request fulfilment;closed;Closed;Benguerir - OCP;;Réinitialisation mot de passe Oracle;2 - Élevée;4 - Utilisateur;3 - Moyenne;request fulfilment;jabli@p2o5;30/06/2015 11:11;30/06/2015 11:19
IM136669;incident;closed;Closed;Gantour OPM - Instrumentistes Calcination-Séchage;;Manque affichage arrêts T13;1 - Critique;1 - Entreprise;1 - Critique;incident;jabli@p2o5;30/06/2015 11:19;01/07/2015 13:40
IM136684;incident;closed;Closed;Youssoufia -OCP - Infra. Réseau;jabli@p2o5;badgeuse en mode autonome;2 - Élevée;4 - Utilisateur;3 - Moyenne;incident;jabli@p2o5;30/06/2015 11:52;02/07/2015 14:07
IM136695;request fulfilment;closed;Closed;Youssoufia -OCP;;Création d'un compte;2 - Élevée;4 - Utilisateur;3 - Moyenne;request fulfilment;jabli@p2o5;30/06/2015 12:45;30/06/2015 15:30
IM136727;request fulfilment;closed;Closed;Benguerir - OCP;;création de session et messagerie;2 - Élevée;4 - Utilisateur;3 - Moyenne;request fulfilment;elhajjam@p2o5;30/06/2015 14:51;30/06/2015 15:03
IM136735;request fulfilment;closed;Closed;Youssoufia -OCP;jabli@p2o5;Mot de passe oracle perdu;2 - Élevée;4 - Utilisateur;3 - Moyenne;request fulfilment;jabli@p2o5;30/06/2015 15:16;30/06/2015 15:35
IM136743;incident;open;Open;Gantour OPM - fonctionnels;;Données OPM;1 - Critique;1 - Entreprise;1 - Critique;incident;;30/06/2015 15:33;
IM136757;incident;updated;Work In Progress;Youssoufia -OCP;;Echec de scan;2 - Élevée;4 - Utilisateur;3 - Moyenne;incident;;30/06/2015 16:15;
IM136775;incident;closed;Closed;Gantour OPM - fonctionnels;;OPM;1 - Critique;1 - Entreprise;1 - Critique;incident;jabli@p2o5;01/07/2015 09:14;01/07/2015 11:20
IM136797;incident;updated;Accepted;Benguerir - Maintenance technique OCP;serhani@p2o5;Echec de demarrage de poste;2 - Élevée;4 - Utilisateur;3 - Moyenne;incident;;01/07/2015 10:01;
IM136879;incident;closed;Closed;Youssoufia -OCP - Infra. Réseau;chraibi@p2o5;connexion;2 - Élevée;4 - Utilisateur;3 - Moyenne;incident;chraibi@p2o5;01/07/2015 11:41;02/07/2015 15:50
IM136975;incident;open;Open;Gantour OPM - Instrumentistes Bouchane-Mzinda;;OPM;1 - Critique;1 - Entreprise;1 - Critique;incident;;02/07/2015 09:10;
IM136993;incident;updated;Accepted;Benguerir - Maintenance technique OCP;serhani@p2o5;probleme au niveau d'un ecran;2 - Élevée;4 - Utilisateur;3 - Moyenne;incident;;02/07/2015 09:33;
IM137008;incident;open;Open;Gantour OPM - fonctionnels;;probleme bascule C5 sur OPM (non affichage les données );1 - Critique;1 - Entreprise;1 - Critique;incident;;02/07/2015 09:58;
IM137028;request fulfilment;closed;Closed;Benguerir - OCP;; réinitialisation mot de passe session;2 - Élevée;4 - Utilisateur;3 - Moyenne;request fulfilment;elhajjam@p2o5;02/07/2015 10:32;02/07/2015 10:44
IM137057;incident;updated;Work In Progress;Benguerir - OCP;;probleme de telephone ip;2 - Élevée;4 - Utilisateur;3 - Moyenne;incident;;02/07/2015 11:18;
IM137094;incident;updated;Accepted;Youssoufia -OCP - Infra. Réseau;el habhoub@p2o5;visualisation des données;2 - Élevée;4 - Utilisateur;3 - Moyenne;incident;;02/07/2015 13:22;
IM137105;request fulfilment;closed;Closed;Youssoufia -OCP;jabli@p2o5;Oublie de mot de passe oracle;2 - Élevée;4 - Utilisateur;3 - Moyenne;request fulfilment;jabli@p2o5;02/07/2015 13:43;02/07/2015 14:05
IM137141;request fulfilment;closed;Closed;Benguerir - OCP;;Demande de réinitialisation de Mot de passe de la session;2 - Élevée;4 - Utilisateur;3 - Moyenne;request fulfilment;elhajjam@p2o5;02/07/2015 15:27;02/07/2015 15:29
